host,row,col,rack,shelf,slot,x,y,z
a1-cmm1,a,1,a1,1,,0,0,
a1-cmm2,a,1,a1,2,,0,0,
a1-cmm3,a,1,a1,3,,0,0,
a1-cmm4,a,1,a1,4,,0,0,
a2-cmm1,a,2,a2,1,,0,7,
a2-cmm2,a,2,a2,2,,0,7,
a2-cmm3,a,2,a2,3,,0,7,
a2-cmm4,a,2,a2,4,,0,7,
a3-cmm1,a,3,a3,1,,1,0,
a3-cmm2,a,3,a3,2,,1,0,
a3-cmm3,a,3,a3,3,,1,0,
a3-cmm4,a,3,a3,4,,1,0,
a4-cmm1,a,4,a4,1,,1,7,
a4-cmm2,a,4,a4,2,,1,7,
a4-cmm3,a,4,a4,3,,1,7,
a4-cmm4,a,4,a4,4,,1,7,
a5-cmm1,a,5,a5,1,,2,0,
a5-cmm2,a,5,a5,2,,2,0,
a5-cmm3,a,5,a5,3,,2,0,
a5-cmm4,a,5,a5,4,,2,0,
a6-cmm1,a,6,a6,1,,2,7,
a6-cmm2,a,6,a6,2,,2,7,
a6-cmm3,a,6,a6,3,,2,7,
a6-cmm4,a,6,a6,4,,2,7,
admin1,a,1,a1,2,2,0,0,2
admin1-sp,a,1,a1,2,2,0,0,2
admin4,b,2,b2,4,0,0,6,6
b1-cmm1,b,1,b1,1,,0,1,
b1-cmm2,b,1,b1,2,,0,1,
b1-cmm3,b,1,b1,3,,0,1,
b1-cmm4,b,1,b1,4,,0,1,
b2-cmm1,b,2,b2,1,,0,6,
b2-cmm2,b,2,b2,2,,0,6,
b2-cmm3,b,2,b2,3,,0,6,
b2-cmm4,b,2,b2,4,,0,6,
b3-cmm1,b,3,b3,1,,1,1,
b3-cmm2,b,3,b3,2,,1,1,
b3-cmm3,b,3,b3,3,,1,1,
b3-cmm4,b,3,b3,4,,1,1,
b4-cmm1,b,4,b4,1,,1,6,
b4-cmm2,b,4,b4,2,,1,6,
b4-cmm3,b,4,b4,3,,1,6,
b4-cmm4,b,4,b4,4,,1,6,
b5-cmm1,b,5,b5,1,,2,1,
b5-cmm2,b,5,b5,2,,2,1,
b5-cmm3,b,5,b5,3,,2,1,
b5-cmm4,b,5,b5,4,,2,1,
b6-cmm1,b,6,b6,1,,2,6,
b6-cmm2,b,6,b6,2,,2,6,
b6-cmm3,b,6,b6,3,,2,6,
b6-cmm4,b,6,b6,4,,2,6,
boot1,a,1,a1,1,10,0,0,1
boot2,b,1,b1,3,0,0,1,4
boot2-sp,b,1,b1,3,0,0,1,4
boot3,b,1,b1,4,0,0,1,6
boot4,c,1,c1,3,6,0,2,5
boot4-sp,c,1,c1,3,6,0,2,5
boot5,a,2,a2,2,10,0,7,3
boot5-sp,a,2,a2,2,10,0,7,3
boot6,b,2,b2,1,0,0,6,0
boot6-sp,b,2,b2,1,0,0,6,0
boot7,b,2,b2,2,0,0,6,2
boot8,c,2,c2,4,6,0,5,7
c1-cmm1,c,1,c1,1,,0,2,
c1-cmm2,c,1,c1,2,,0,2,
c1-cmm3,c,1,c1,3,,0,2,
c1-cmm4,c,1,c1,4,,0,2,
c2-cmm1,c,2,c2,1,,0,5,
c2-cmm2,c,2,c2,2,,0,5,
c2-cmm3,c,2,c2,3,,0,5,
c2-cmm4,c,2,c2,4,,0,5,
c3-cmm1,c,3,c3,1,,1,2,
c3-cmm2,c,3,c3,2,,1,2,
c3-cmm3,c,3,c3,3,,1,2,
c3-cmm4,c,3,c3,4,,1,2,
c4-cmm1,c,4,c4,1,,1,5,
c4-cmm2,c,4,c4,2,,1,5,
c4-cmm3,c,4,c4,3,,1,5,
c4-cmm4,c,4,c4,4,,1,5,
c5-cmm1,c,5,c5,1,,2,2,
c5-cmm2,c,5,c5,2,,2,2,
c5-cmm3,c,5,c5,3,,2,2,
c5-cmm4,c,5,c5,4,,2,2,
c6-cmm1,c,6,c6,1,,2,5,
c6-cmm2,c,6,c6,2,,2,5,
c6-cmm3,c,6,c6,3,,2,5,
c6-cmm4,c,6,c6,4,,2,5,
d1-cmm1,d,1,d1,1,,0,3,
d1-cmm2,d,1,d1,2,,0,3,
d1-cmm3,d,1,d1,3,,0,3,
d1-cmm4,d,1,d1,4,,0,3,
d2-cmm1,d,2,d2,1,,0,4,
d2-cmm2,d,2,d2,2,,0,4,
d2-cmm3,d,2,d2,3,,0,4,
d2-cmm4,d,2,d2,4,,0,4,
d3-cmm1,d,3,d3,1,,1,3,
d3-cmm2,d,3,d3,2,,1,3,
d3-cmm3,d,3,d3,3,,1,3,
d3-cmm4,d,3,d3,4,,1,3,
d4-cmm1,d,4,d4,1,,1,4,
d4-cmm2,d,4,d4,2,,1,4,
d4-cmm3,d,4,d4,3,,1,4,
d4-cmm4,d,4,d4,4,,1,4,
d5-cmm1,d,5,d5,1,,2,3,
d5-cmm2,d,5,d5,2,,2,3,
d5-cmm3,d,5,d5,3,,2,3,
d5-cmm4,d,5,d5,4,,2,3,
d6-cmm1,d,6,d6,1,,2,4,
d6-cmm2,d,6,d6,2,,2,4,
d6-cmm3,d,6,d6,3,,2,4,
d6-cmm4,d,6,d6,4,,2,4,
gateway1,a,1,a1,2,10,0,0,3
gateway2,b,1,b1,3,2,0,1,4
gateway3,b,1,b1,4,2,0,1,6
gateway4,a,2,a2,1,10,0,7,1
gateway5,b,2,b2,1,2,0,6,0
gateway6,b,2,b2,2,2,0,6,2
gateway7,c,2,c2,4,8,0,5,7
gateway7-sp,c,2,c2,4,8,0,5,7
login1,a,1,a1,4,6,0,0,7
login2,c,1,c1,2,6,0,2,3
login3,b,2,b2,1,6,0,6,1
login4,b,2,b2,3,6,0,6,5
login4-sp,b,2,b2,3,6,0,6,5
mds-home1,a,1,a1,2,6,0,0,3
mds-home2,a,2,a2,1,6,0,7,1
mds-proj1,c,1,c1,1,6,0,2,1
mds-proj2,c,2,c2,2,6,0,5,3
mds-proj2-sp,,,,,,,,
mds-scratch1,c,1,c1,1,4,0,2,0
mds-scratch2,c,2,c2,2,4,0,5,2
mds-scratch2-sp,,,,,,,,
oss-home1,b,1,b1,4,4,0,1,6
oss-home2,b,2,b2,4,6,0,6,7
oss-proj1,b,1,b1,4,6,0,1,7
oss-proj2,b,2,b2,4,4,0,6,6
oss-scratch1,a,1,a1,1,0,0,0,0
oss-scratch1-sp,,,,,,,,
oss-scratch10,c,1,c1,2,2,0,2,2
oss-scratch11,c,1,c1,3,0,0,2,4
oss-scratch11-sp,,,,,,,,
oss-scratch12,c,1,c1,4,0,0,2,6
oss-scratch13,a,2,a2,1,8,0,7,1
oss-scratch14,a,2,a2,2,8,0,7,3
oss-scratch14-sp,,,,,,,,
oss-scratch15,a,2,a2,3,10,0,7,5
oss-scratch15-sp,,,,,,,,
oss-scratch16,a,2,a2,4,10,0,7,7
oss-scratch17,b,2,b2,1,4,0,6,0
oss-scratch18,b,2,b2,2,4,0,6,2
oss-scratch19,b,2,b2,3,2,0,6,4
oss-scratch19-sp,,,,,,,,
oss-scratch2,a,1,a1,2,0,0,0,2
oss-scratch20,b,2,b2,4,2,0,6,6
oss-scratch21,c,2,c2,1,10,0,5,1
oss-scratch22,c,2,c2,2,10,0,5,3
oss-scratch22-sp,,,,,,,,
oss-scratch23,c,2,c2,3,10,0,5,5
oss-scratch24,c,2,c2,4,10,0,5,7
oss-scratch24-sp,,,,,,,,
oss-scratch3,a,1,a1,3,0,0,0,4
oss-scratch4,a,1,a1,4,0,0,0,6
oss-scratch4-sp,,,,,,,,
oss-scratch5,b,1,b1,1,10,0,1,1
oss-scratch6,b,1,b1,2,10,0,1,3
oss-scratch7,b,1,b1,3,10,0,1,5
oss-scratch8,b,1,b1,4,10,0,1,7
oss-scratch9,c,1,c1,1,2,0,2,0
rs1,a,1,a1,1,0,0,0,0
rs10,a,1,a1,1,7,0,0,1
rs100,b,1,b1,3,1,0,1,4
rs1000,c,4,c4,3,8,1,5,5
rs1000-sp,c,4,c4,3,8,1,5,5
rs1001,c,4,c4,3,8,1,5,5
rs1001-sp,c,4,c4,3,8,1,5,5
rs1002,c,4,c4,3,10,1,5,5
rs1002-sp,c,4,c4,3,10,1,5,5
rs1003,c,4,c4,3,10,1,5,5
rs1003-sp,c,4,c4,3,10,1,5,5
rs1004,c,4,c4,3,11,1,5,5
rs1004-sp,c,4,c4,3,11,1,5,5
rs1005,c,4,c4,3,11,1,5,5
rs1005-sp,c,4,c4,3,11,1,5,5
rs1006,c,4,c4,4,0,1,5,6
rs1007,c,4,c4,4,0,1,5,6
rs1008,c,4,c4,4,1,1,5,6
rs1009,c,4,c4,4,1,1,5,6
rs101,b,1,b1,3,2,0,1,4
rs1010,c,4,c4,4,2,1,5,6
rs1011,c,4,c4,4,2,1,5,6
rs1012,c,4,c4,4,4,1,5,6
rs1013,c,4,c4,4,4,1,5,6
rs1014,c,4,c4,4,6,1,5,7
rs1015,c,4,c4,4,6,1,5,7
rs1016,c,4,c4,4,7,1,5,7
rs1017,c,4,c4,4,7,1,5,7
rs1018,c,4,c4,4,8,1,5,7
rs1018-sp,c,4,c4,4,8,1,5,7
rs1019,c,4,c4,4,8,1,5,7
rs102,b,1,b1,3,4,0,1,4
rs1020,c,4,c4,4,10,1,5,7
rs1021,c,4,c4,4,10,1,5,7
rs1022,c,4,c4,4,11,1,5,7
rs1023,c,4,c4,4,11,1,5,7
rs1024,d,4,d4,1,0,1,4,0
rs1024-sp,d,4,d4,1,0,1,4,0
rs1025,d,4,d4,1,0,1,4,0
rs1025-sp,d,4,d4,1,0,1,4,0
rs1026,d,4,d4,1,1,1,4,0
rs1027,d,4,d4,1,1,1,4,0
rs1028,d,4,d4,1,2,1,4,0
rs1029,d,4,d4,1,2,1,4,0
rs103,b,1,b1,3,6,0,1,5
rs1030,d,4,d4,1,4,1,4,0
rs1031,d,4,d4,1,4,1,4,0
rs1032,d,4,d4,1,6,1,4,1
rs1033,d,4,d4,1,6,1,4,1
rs1034,d,4,d4,1,7,1,4,1
rs1035,d,4,d4,1,7,1,4,1
rs1036,d,4,d4,1,8,1,4,1
rs1037,d,4,d4,1,8,1,4,1
rs1038,d,4,d4,1,10,1,4,1
rs1039,d,4,d4,1,10,1,4,1
rs104,b,1,b1,3,6,0,1,5
rs104-sp,b,1,b1,3,6,0,1,5
rs1040,d,4,d4,1,11,1,4,1
rs1041,d,4,d4,1,11,1,4,1
rs1042,d,4,d4,2,0,1,4,2
rs1043,d,4,d4,2,0,1,4,2
rs1044,d,4,d4,2,1,1,4,2
rs1045,d,4,d4,2,1,1,4,2
rs1046,d,4,d4,2,2,1,4,2
rs1047,d,4,d4,2,2,1,4,2
rs1048,d,4,d4,2,4,1,4,2
rs1049,d,4,d4,2,4,1,4,2
rs105,b,1,b1,3,7,0,1,5
rs105-sp,b,1,b1,3,7,0,1,5
rs1050,d,4,d4,2,6,1,4,3
rs1051,d,4,d4,2,6,1,4,3
rs1052,d,4,d4,2,7,1,4,3
rs1053,d,4,d4,2,7,1,4,3
rs1054,d,4,d4,2,8,1,4,3
rs1055,d,4,d4,2,8,1,4,3
rs1056,d,4,d4,2,10,1,4,3
rs1057,d,4,d4,2,10,1,4,3
rs1058,d,4,d4,2,11,1,4,3
rs1059,d,4,d4,2,11,1,4,3
rs1059-sp,d,4,d4,2,11,1,4,3
rs106,b,1,b1,3,7,0,1,5
rs106-sp,b,1,b1,3,7,0,1,5
rs1060,d,4,d4,3,0,1,4,4
rs1061,d,4,d4,3,0,1,4,4
rs1062,d,4,d4,3,1,1,4,4
rs1063,d,4,d4,3,1,1,4,4
rs1064,d,4,d4,3,2,1,4,4
rs1065,d,4,d4,3,2,1,4,4
rs1066,d,4,d4,3,4,1,4,4
rs1067,d,4,d4,3,4,1,4,4
rs1068,d,4,d4,3,6,1,4,5
rs1068-sp,d,4,d4,3,6,1,4,5
rs1069,d,4,d4,3,6,1,4,5
rs1069-sp,d,4,d4,3,6,1,4,5
rs107,b,1,b1,3,8,0,1,5
rs107-sp,b,1,b1,3,8,0,1,5
rs1070,d,4,d4,3,7,1,4,5
rs1070-sp,d,4,d4,3,7,1,4,5
rs1071,d,4,d4,3,7,1,4,5
rs1071-sp,d,4,d4,3,7,1,4,5
rs1072,d,4,d4,3,8,1,4,5
rs1072-sp,d,4,d4,3,8,1,4,5
rs1073,d,4,d4,3,8,1,4,5
rs1073-sp,d,4,d4,3,8,1,4,5
rs1074,d,4,d4,3,10,1,4,5
rs1074-sp,d,4,d4,3,10,1,4,5
rs1075,d,4,d4,3,10,1,4,5
rs1075-sp,d,4,d4,3,10,1,4,5
rs1076,d,4,d4,3,11,1,4,5
rs1076-sp,d,4,d4,3,11,1,4,5
rs1077,d,4,d4,3,11,1,4,5
rs1077-sp,d,4,d4,3,11,1,4,5
rs1078,d,4,d4,4,0,1,4,6
rs1079,d,4,d4,4,0,1,4,6
rs108,b,1,b1,3,8,0,1,5
rs108-sp,b,1,b1,3,8,0,1,5
rs1080,d,4,d4,4,1,1,4,6
rs1081,d,4,d4,4,1,1,4,6
rs1082,d,4,d4,4,2,1,4,6
rs1082-sp,d,4,d4,4,2,1,4,6
rs1083,d,4,d4,4,2,1,4,6
rs1084,d,4,d4,4,4,1,4,6
rs1085,d,4,d4,4,4,1,4,6
rs1086,d,4,d4,4,6,1,4,7
rs1087,d,4,d4,4,6,1,4,7
rs1088,d,4,d4,4,7,1,4,7
rs1089,d,4,d4,4,7,1,4,7
rs109,b,1,b1,3,10,0,1,5
rs109-sp,b,1,b1,3,10,0,1,5
rs1090,d,4,d4,4,8,1,4,7
rs1091,d,4,d4,4,8,1,4,7
rs1092,d,4,d4,4,10,1,4,7
rs1093,d,4,d4,4,10,1,4,7
rs1094,d,4,d4,4,11,1,4,7
rs1095,d,4,d4,4,11,1,4,7
rs1096,a,5,a5,1,0,2,0,0
rs1096-sp,a,5,a5,1,0,2,0,0
rs1097,a,5,a5,1,0,2,0,0
rs1097-sp,a,5,a5,1,0,2,0,0
rs1098,a,5,a5,1,1,2,0,0
rs1098-sp,a,5,a5,1,1,2,0,0
rs1099,a,5,a5,1,1,2,0,0
rs11,a,1,a1,1,7,0,0,1
rs110,b,1,b1,3,11,0,1,5
rs110-sp,b,1,b1,3,11,0,1,5
rs1100,a,5,a5,1,2,2,0,0
rs1100-sp,a,5,a5,1,2,2,0,0
rs1101,a,5,a5,1,2,2,0,0
rs1102,a,5,a5,1,4,2,0,0
rs1102-sp,a,5,a5,1,4,2,0,0
rs1103,a,5,a5,1,4,2,0,0
rs1103-sp,a,5,a5,1,4,2,0,0
rs1104,a,5,a5,1,6,2,0,1
rs1104-sp,a,5,a5,1,6,2,0,1
rs1105,a,5,a5,1,6,2,0,1
rs1106,a,5,a5,1,7,2,0,1
rs1106-sp,a,5,a5,1,7,2,0,1
rs1107,a,5,a5,1,7,2,0,1
rs1107-sp,a,5,a5,1,7,2,0,1
rs1108,a,5,a5,1,8,2,0,1
rs1109,a,5,a5,1,8,2,0,1
rs1109-sp,a,5,a5,1,8,2,0,1
rs111,b,1,b1,3,11,0,1,5
rs111-sp,b,1,b1,3,11,0,1,5
rs1110,a,5,a5,1,10,2,0,1
rs1110-sp,a,5,a5,1,10,2,0,1
rs1111,a,5,a5,1,10,2,0,1
rs1112,a,5,a5,1,11,2,0,1
rs1113,a,5,a5,1,11,2,0,1
rs1114,a,5,a5,2,0,2,0,2
rs1114-sp,a,5,a5,2,0,2,0,2
rs1115,a,5,a5,2,0,2,0,2
rs1116,a,5,a5,2,1,2,0,2
rs1116-sp,a,5,a5,2,1,2,0,2
rs1117,a,5,a5,2,1,2,0,2
rs1118,a,5,a5,2,2,2,0,2
rs1118-sp,a,5,a5,2,2,2,0,2
rs1119,a,5,a5,2,2,2,0,2
rs112,b,1,b1,4,0,0,1,6
rs1120,a,5,a5,2,4,2,0,2
rs1120-sp,a,5,a5,2,4,2,0,2
rs1121,a,5,a5,2,4,2,0,2
rs1122,a,5,a5,2,6,2,0,3
rs1122-sp,a,5,a5,2,6,2,0,3
rs1123,a,5,a5,2,6,2,0,3
rs1124,a,5,a5,2,7,2,0,3
rs1124-sp,a,5,a5,2,7,2,0,3
rs1125,a,5,a5,2,7,2,0,3
rs1126,a,5,a5,2,8,2,0,3
rs1126-sp,a,5,a5,2,8,2,0,3
rs1127,a,5,a5,2,8,2,0,3
rs1128,a,5,a5,2,10,2,0,3
rs1128-sp,a,5,a5,2,10,2,0,3
rs1129,a,5,a5,2,10,2,0,3
rs113,b,1,b1,4,1,0,1,6
rs1132,a,5,a5,3,0,2,0,4
rs1133,a,5,a5,3,0,2,0,4
rs1134,a,5,a5,3,1,2,0,4
rs1135,a,5,a5,3,1,2,0,4
rs1136,a,5,a5,3,2,2,0,4
rs1136-sp,a,5,a5,3,2,2,0,4
rs1137,a,5,a5,3,2,2,0,4
rs1138,a,5,a5,3,4,2,0,4
rs1138-sp,a,5,a5,3,4,2,0,4
rs1139,a,5,a5,3,4,2,0,4
rs114,b,1,b1,4,1,0,1,6
rs1140,a,5,a5,3,6,2,0,5
rs1140-sp,a,5,a5,3,6,2,0,5
rs1141,a,5,a5,3,6,2,0,5
rs1141-sp,a,5,a5,3,6,2,0,5
rs1142,a,5,a5,3,7,2,0,5
rs1142-sp,a,5,a5,3,7,2,0,5
rs1143,a,5,a5,3,7,2,0,5
rs1143-sp,a,5,a5,3,7,2,0,5
rs1144,a,5,a5,3,8,2,0,5
rs1144-sp,a,5,a5,3,8,2,0,5
rs1145,a,5,a5,3,8,2,0,5
rs1145-sp,a,5,a5,3,8,2,0,5
rs1146,a,5,a5,3,10,2,0,5
rs1146-sp,a,5,a5,3,10,2,0,5
rs1147,a,5,a5,3,10,2,0,5
rs1147-sp,a,5,a5,3,10,2,0,5
rs1148,a,5,a5,3,11,2,0,5
rs1148-sp,a,5,a5,3,11,2,0,5
rs1149,a,5,a5,3,11,2,0,5
rs1149-sp,a,5,a5,3,11,2,0,5
rs115,b,1,b1,4,2,0,1,6
rs115-sp,b,1,b1,4,2,0,1,6
rs1150,a,5,a5,4,0,2,0,6
rs1151,a,5,a5,4,0,2,0,6
rs1152,a,5,a5,4,1,2,0,6
rs1153,a,5,a5,4,1,2,0,6
rs1154,a,5,a5,4,2,2,0,6
rs1154-sp,a,5,a5,4,2,2,0,6
rs1155,a,5,a5,4,2,2,0,6
rs1156,a,5,a5,4,4,2,0,6
rs1156-sp,a,5,a5,4,4,2,0,6
rs1157,a,5,a5,4,4,2,0,6
rs1158,a,5,a5,4,6,2,0,7
rs1158-sp,a,5,a5,4,6,2,0,7
rs1159,a,5,a5,4,6,2,0,7
rs116,b,1,b1,4,4,0,1,6
rs1160,a,5,a5,4,7,2,0,7
rs1160-sp,a,5,a5,4,7,2,0,7
rs1161,a,5,a5,4,7,2,0,7
rs1161-sp,a,5,a5,4,7,2,0,7
rs1162,a,5,a5,4,8,2,0,7
rs1162-sp,a,5,a5,4,8,2,0,7
rs1163,a,5,a5,4,8,2,0,7
rs1163-sp,a,5,a5,4,8,2,0,7
rs1164,a,5,a5,4,10,2,0,7
rs1164-sp,a,5,a5,4,10,2,0,7
rs1165,a,5,a5,4,10,2,0,7
rs1166,a,5,a5,4,11,2,0,7
rs1167,a,5,a5,4,11,2,0,7
rs1168,b,5,b5,1,0,2,1,0
rs1168-sp,b,5,b5,1,0,2,1,0
rs1169,b,5,b5,1,0,2,1,0
rs1169-sp,b,5,b5,1,0,2,1,0
rs117,b,1,b1,4,6,0,1,7
rs1170,b,5,b5,1,1,2,1,0
rs1170-sp,b,5,b5,1,1,2,1,0
rs1171,b,5,b5,1,1,2,1,0
rs1172,b,5,b5,1,2,2,1,0
rs1172-sp,b,5,b5,1,2,2,1,0
rs1173,b,5,b5,1,2,2,1,0
rs1173-sp,b,5,b5,1,2,2,1,0
rs1174,b,5,b5,1,4,2,1,0
rs1174-sp,b,5,b5,1,4,2,1,0
rs1175,b,5,b5,1,4,2,1,0
rs1175-sp,b,5,b5,1,4,2,1,0
rs1176,b,5,b5,1,6,2,1,1
rs1176-sp,b,5,b5,1,6,2,1,1
rs1177,b,5,b5,1,6,2,1,1
rs1177-sp,b,5,b5,1,6,2,1,1
rs1178,b,5,b5,1,7,2,1,1
rs1178-sp,b,5,b5,1,7,2,1,1
rs1179,b,5,b5,1,7,2,1,1
rs1179-sp,b,5,b5,1,7,2,1,1
rs118,b,1,b1,4,7,0,1,7
rs1180,b,5,b5,1,8,2,1,1
rs1180-sp,b,5,b5,1,8,2,1,1
rs1181,b,5,b5,1,8,2,1,1
rs1181-sp,b,5,b5,1,8,2,1,1
rs1182,b,5,b5,1,10,2,1,1
rs1182-sp,b,5,b5,1,10,2,1,1
rs1183,b,5,b5,1,10,2,1,1
rs1183-sp,b,5,b5,1,10,2,1,1
rs1184,b,5,b5,1,11,2,1,1
rs1184-sp,b,5,b5,1,11,2,1,1
rs1185,b,5,b5,1,11,2,1,1
rs1185-sp,b,5,b5,1,11,2,1,1
rs1186,b,5,b5,2,0,2,1,2
rs1187,b,5,b5,2,0,2,1,2
rs1187-sp,b,5,b5,2,0,2,1,2
rs1188,b,5,b5,2,1,2,1,2
rs1189,b,5,b5,2,1,2,1,2
rs119,b,1,b1,4,7,0,1,7
rs1190,b,5,b5,2,2,2,1,2
rs1191,b,5,b5,2,2,2,1,2
rs1192,b,5,b5,2,4,2,1,2
rs1194,b,5,b5,2,6,2,1,3
rs1195,b,5,b5,2,6,2,1,3
rs1197,b,5,b5,2,7,2,1,3
rs1198,b,5,b5,2,8,2,1,3
rs1199,b,5,b5,2,8,2,1,3
rs12,a,1,a1,1,8,0,0,1
rs120,b,1,b1,4,8,0,1,7
rs1200,b,5,b5,2,10,2,1,3
rs1201,b,5,b5,2,10,2,1,3
rs1202,b,5,b5,2,11,2,1,3
rs1203,b,5,b5,2,11,2,1,3
rs1204,b,5,b5,3,0,2,1,4
rs1205,b,5,b5,3,0,2,1,4
rs1206,b,5,b5,3,1,2,1,4
rs1207,b,5,b5,3,1,2,1,4
rs1208,b,5,b5,3,2,2,1,4
rs121,b,1,b1,4,8,0,1,7
rs1210,b,5,b5,3,4,2,1,4
rs1211,b,5,b5,3,4,2,1,4
rs1213,b,5,b5,3,6,2,1,5
rs1213-sp,b,5,b5,3,6,2,1,5
rs1214,b,5,b5,3,7,2,1,5
rs1214-sp,b,5,b5,3,7,2,1,5
rs1215,b,5,b5,3,7,2,1,5
rs1215-sp,b,5,b5,3,7,2,1,5
rs1216,b,5,b5,3,8,2,1,5
rs1216-sp,b,5,b5,3,8,2,1,5
rs1217,b,5,b5,3,8,2,1,5
rs1217-sp,b,5,b5,3,8,2,1,5
rs1218,b,5,b5,3,10,2,1,5
rs1218-sp,b,5,b5,3,10,2,1,5
rs1219,b,5,b5,3,10,2,1,5
rs1219-sp,b,5,b5,3,10,2,1,5
rs122,b,1,b1,4,10,0,1,7
rs1220,b,5,b5,3,11,2,1,5
rs1220-sp,b,5,b5,3,11,2,1,5
rs1221,b,5,b5,3,11,2,1,5
rs1221-sp,b,5,b5,3,11,2,1,5
rs1222,b,5,b5,4,0,2,1,6
rs1222-sp,b,5,b5,4,0,2,1,6
rs1223,b,5,b5,4,0,2,1,6
rs1223-sp,b,5,b5,4,0,2,1,6
rs1224,b,5,b5,4,1,2,1,6
rs1224-sp,b,5,b5,4,1,2,1,6
rs1225,b,5,b5,4,1,2,1,6
rs1225-sp,b,5,b5,4,1,2,1,6
rs1226,b,5,b5,4,2,2,1,6
rs1226-sp,b,5,b5,4,2,2,1,6
rs1227,b,5,b5,4,2,2,1,6
rs1227-sp,b,5,b5,4,2,2,1,6
rs1228,b,5,b5,4,4,2,1,6
rs1228-sp,b,5,b5,4,4,2,1,6
rs1229,b,5,b5,4,4,2,1,6
rs1229-sp,b,5,b5,4,4,2,1,6
rs123,b,1,b1,4,11,0,1,7
rs1230,b,5,b5,4,6,2,1,7
rs1230-sp,b,5,b5,4,6,2,1,7
rs1231,b,5,b5,4,6,2,1,7
rs1231-sp,b,5,b5,4,6,2,1,7
rs1232,b,5,b5,4,7,2,1,7
rs1232-sp,b,5,b5,4,7,2,1,7
rs1233,b,5,b5,4,7,2,1,7
rs1233-sp,b,5,b5,4,7,2,1,7
rs1234,b,5,b5,4,8,2,1,7
rs1234-sp,b,5,b5,4,8,2,1,7
rs1235,b,5,b5,4,8,2,1,7
rs1236,b,5,b5,4,10,2,1,7
rs1236-sp,b,5,b5,4,10,2,1,7
rs1237,b,5,b5,4,10,2,1,7
rs1238,b,5,b5,4,11,2,1,7
rs1238-sp,b,5,b5,4,11,2,1,7
rs1239,b,5,b5,4,11,2,1,7
rs1239-sp,b,5,b5,4,11,2,1,7
rs124,b,1,b1,4,11,0,1,7
rs1240,c,5,c5,1,0,2,2,0
rs1241,c,5,c5,1,0,2,2,0
rs1242,c,5,c5,1,1,2,2,0
rs1243,c,5,c5,1,1,2,2,0
rs1244,c,5,c5,1,2,2,2,0
rs1245,c,5,c5,1,2,2,2,0
rs1246,c,5,c5,1,4,2,2,0
rs1247,c,5,c5,1,4,2,2,0
rs1248,c,5,c5,1,6,2,2,1
rs1249,c,5,c5,1,6,2,2,1
rs1249-sp,c,5,c5,1,6,2,2,1
rs125,c,1,c1,1,0,0,2,0
rs125-sp,c,1,c1,1,0,0,2,0
rs1250,c,5,c5,1,7,2,2,1
rs1251,c,5,c5,1,7,2,2,1
rs1252,c,5,c5,1,8,2,2,1
rs1253,c,5,c5,1,8,2,2,1
rs1253-sp,c,5,c5,1,8,2,2,1
rs1254,c,5,c5,1,10,2,2,1
rs1255,c,5,c5,1,10,2,2,1
rs1256,c,5,c5,1,11,2,2,1
rs1257,c,5,c5,1,11,2,2,1
rs1258,c,5,c5,2,0,2,2,2
rs1259,c,5,c5,2,0,2,2,2
rs126,c,1,c1,1,1,0,2,0
rs1260,c,5,c5,2,1,2,2,2
rs1260-sp,c,5,c5,2,1,2,2,2
rs1261,c,5,c5,2,1,2,2,2
rs1262,c,5,c5,2,2,2,2,2
rs1263,c,5,c5,2,2,2,2,2
rs1264,c,5,c5,2,4,2,2,2
rs1265,c,5,c5,2,4,2,2,2
rs1266,c,5,c5,2,6,2,2,3
rs1267,c,5,c5,2,6,2,2,3
rs1268,c,5,c5,2,7,2,2,3
rs1269,c,5,c5,2,7,2,2,3
rs127,c,1,c1,1,1,0,2,0
rs1270,c,5,c5,2,8,2,2,3
rs1271,c,5,c5,2,8,2,2,3
rs1272,c,5,c5,2,10,2,2,3
rs1273,c,5,c5,2,10,2,2,3
rs1274,c,5,c5,2,11,2,2,3
rs1275,c,5,c5,2,11,2,2,3
rs1276,c,5,c5,3,0,2,2,4
rs1276-sp,c,5,c5,3,0,2,2,4
rs1277,c,5,c5,3,0,2,2,4
rs1278,c,5,c5,3,1,2,2,4
rs1278-sp,c,5,c5,3,1,2,2,4
rs1279,c,5,c5,3,1,2,2,4
rs128,c,1,c1,1,2,0,2,0
rs1280,c,5,c5,3,2,2,2,4
rs1281,c,5,c5,3,2,2,2,4
rs1282,c,5,c5,3,4,2,2,4
rs1283,c,5,c5,3,4,2,2,4
rs1284,c,5,c5,3,6,2,2,5
rs1284-sp,c,5,c5,3,6,2,2,5
rs1285,c,5,c5,3,6,2,2,5
rs1285-sp,c,5,c5,3,6,2,2,5
rs1286,c,5,c5,3,7,2,2,5
rs1286-sp,c,5,c5,3,7,2,2,5
rs1287,c,5,c5,3,7,2,2,5
rs1287-sp,c,5,c5,3,7,2,2,5
rs1288,c,5,c5,3,8,2,2,5
rs1288-sp,c,5,c5,3,8,2,2,5
rs1289,c,5,c5,3,8,2,2,5
rs1289-sp,c,5,c5,3,8,2,2,5
rs129,c,1,c1,1,4,0,2,0
rs129-sp,c,1,c1,1,4,0,2,0
rs1290,c,5,c5,3,10,2,2,5
rs1290-sp,c,5,c5,3,10,2,2,5
rs1291,c,5,c5,3,10,2,2,5
rs1291-sp,c,5,c5,3,10,2,2,5
rs1292,c,5,c5,3,11,2,2,5
rs1292-sp,c,5,c5,3,11,2,2,5
rs1293,c,5,c5,3,11,2,2,5
rs1293-sp,c,5,c5,3,11,2,2,5
rs1294,c,5,c5,4,0,2,2,6
rs1295,c,5,c5,4,0,2,2,6
rs1296,c,5,c5,4,1,2,2,6
rs1297,c,5,c5,4,1,2,2,6
rs1298,c,5,c5,4,2,2,2,6
rs1299,c,5,c5,4,2,2,2,6
rs1299-sp,c,5,c5,4,2,2,2,6
rs13,a,1,a1,1,8,0,0,1
rs130,c,1,c1,1,6,0,2,1
rs1300,c,5,c5,4,4,2,2,6
rs1301,c,5,c5,4,4,2,2,6
rs1302,c,5,c5,4,6,2,2,7
rs1303,c,5,c5,4,6,2,2,7
rs1304,c,5,c5,4,7,2,2,7
rs1305,c,5,c5,4,7,2,2,7
rs1306,c,5,c5,4,8,2,2,7
rs1307,c,5,c5,4,8,2,2,7
rs1308,c,5,c5,4,10,2,2,7
rs1309,c,5,c5,4,10,2,2,7
rs131,c,1,c1,1,7,0,2,1
rs1310,c,5,c5,4,11,2,2,7
rs1311,c,5,c5,4,11,2,2,7
rs1312,d,5,d5,1,0,2,3,0
rs1313,d,5,d5,1,0,2,3,0
rs1314,d,5,d5,1,1,2,3,0
rs1315,d,5,d5,1,1,2,3,0
rs1316,d,5,d5,1,2,2,3,0
rs1317,d,5,d5,1,2,2,3,0
rs1318,d,5,d5,1,4,2,3,0
rs1319,d,5,d5,1,4,2,3,0
rs132,c,1,c1,1,7,0,2,1
rs1320,d,5,d5,1,6,2,3,1
rs1321,d,5,d5,1,6,2,3,1
rs1322,d,5,d5,1,7,2,3,1
rs1323,d,5,d5,1,7,2,3,1
rs1324,d,5,d5,1,8,2,3,1
rs1325,d,5,d5,1,8,2,3,1
rs1326,d,5,d5,1,10,2,3,1
rs1327,d,5,d5,1,10,2,3,1
rs1328,d,5,d5,1,11,2,3,1
rs1329,d,5,d5,1,11,2,3,1
rs133,c,1,c1,1,8,0,2,1
rs1330,d,5,d5,2,0,2,3,2
rs1330-sp,d,5,d5,2,0,2,3,2
rs1331,d,5,d5,2,0,2,3,2
rs1332,d,5,d5,2,1,2,3,2
rs1333,d,5,d5,2,1,2,3,2
rs1334,d,5,d5,2,2,2,3,2
rs1335,d,5,d5,2,2,2,3,2
rs1336,d,5,d5,2,4,2,3,2
rs1337,d,5,d5,2,4,2,3,2
rs1338,d,5,d5,2,6,2,3,3
rs1339,d,5,d5,2,6,2,3,3
rs134,c,1,c1,1,8,0,2,1
rs1340,d,5,d5,2,7,2,3,3
rs1341,d,5,d5,2,7,2,3,3
rs1342,d,5,d5,2,8,2,3,3
rs1343,d,5,d5,2,8,2,3,3
rs1344,d,5,d5,2,10,2,3,3
rs1345,d,5,d5,2,10,2,3,3
rs1346,d,5,d5,2,11,2,3,3
rs1346-sp,d,5,d5,2,11,2,3,3
rs1347,d,5,d5,2,11,2,3,3
rs1348,d,5,d5,3,0,2,3,4
rs1349,d,5,d5,3,0,2,3,4
rs135,c,1,c1,1,10,0,2,1
rs1350,d,5,d5,3,1,2,3,4
rs1351,d,5,d5,3,1,2,3,4
rs1352,d,5,d5,3,2,2,3,4
rs1353,d,5,d5,3,2,2,3,4
rs1354,d,5,d5,3,4,2,3,4
rs1355,d,5,d5,3,4,2,3,4
rs1356,d,5,d5,3,6,2,3,5
rs1356-sp,d,5,d5,3,6,2,3,5
rs1357,d,5,d5,3,6,2,3,5
rs1357-sp,d,5,d5,3,6,2,3,5
rs1358,d,5,d5,3,7,2,3,5
rs1358-sp,d,5,d5,3,7,2,3,5
rs1359,d,5,d5,3,7,2,3,5
rs1359-sp,d,5,d5,3,7,2,3,5
rs136,c,1,c1,1,10,0,2,1
rs1360,d,5,d5,3,8,2,3,5
rs1360-sp,d,5,d5,3,8,2,3,5
rs1361,d,5,d5,3,8,2,3,5
rs1361-sp,d,5,d5,3,8,2,3,5
rs1362,d,5,d5,3,10,2,3,5
rs1362-sp,d,5,d5,3,10,2,3,5
rs1363,d,5,d5,3,10,2,3,5
rs1363-sp,d,5,d5,3,10,2,3,5
rs1364,d,5,d5,3,11,2,3,5
rs1364-sp,d,5,d5,3,11,2,3,5
rs1365,d,5,d5,3,11,2,3,5
rs1365-sp,d,5,d5,3,11,2,3,5
rs1366,d,5,d5,4,0,2,3,6
rs1367,d,5,d5,4,0,2,3,6
rs1368,d,5,d5,4,1,2,3,6
rs1369,d,5,d5,4,1,2,3,6
rs137,c,1,c1,1,11,0,2,1
rs1370,d,5,d5,4,2,2,3,6
rs1371,d,5,d5,4,2,2,3,6
rs1371-sp,d,5,d5,4,2,2,3,6
rs1372,d,5,d5,4,4,2,3,6
rs1373,d,5,d5,4,4,2,3,6
rs1374,d,5,d5,4,6,2,3,7
rs1375,d,5,d5,4,6,2,3,7
rs1376,d,5,d5,4,7,2,3,7
rs1377,d,5,d5,4,7,2,3,7
rs1378,d,5,d5,4,8,2,3,7
rs1379,d,5,d5,4,8,2,3,7
rs138,c,1,c1,1,11,0,2,1
rs1380,d,5,d5,4,10,2,3,7
rs1381,d,5,d5,4,10,2,3,7
rs1382,d,5,d5,4,11,2,3,7
rs1383,d,5,d5,4,11,2,3,7
rs1384,a,6,a6,1,0,2,7,0
rs1384-sp,a,6,a6,1,0,2,7,0
rs1385,a,6,a6,1,0,2,7,0
rs1385-sp,a,6,a6,1,0,2,7,0
rs1386,a,6,a6,1,1,2,7,0
rs1387,a,6,a6,1,1,2,7,0
rs1388,a,6,a6,1,2,2,7,0
rs1389,a,6,a6,1,2,2,7,0
rs1389-sp,a,6,a6,1,2,2,7,0
rs139,c,1,c1,2,0,0,2,2
rs139-sp,c,1,c1,2,0,0,2,2
rs1390,a,6,a6,1,4,2,7,0
rs1391,a,6,a6,1,4,2,7,0
rs1392,a,6,a6,1,6,2,7,1
rs1393,a,6,a6,1,6,2,7,1
rs1394,a,6,a6,1,7,2,7,1
rs1395,a,6,a6,1,7,2,7,1
rs1396,a,6,a6,1,8,2,7,1
rs1397,a,6,a6,1,8,2,7,1
rs1398,a,6,a6,1,10,2,7,1
rs1399,a,6,a6,1,10,2,7,1
rs14,a,1,a1,1,10,0,0,1
rs140,c,1,c1,2,0,0,2,2
rs1400,a,6,a6,1,11,2,7,1
rs1401,a,6,a6,1,11,2,7,1
rs1402,a,6,a6,2,0,2,7,2
rs1402-sp,a,6,a6,2,0,2,7,2
rs1403,a,6,a6,2,0,2,7,2
rs1404,a,6,a6,2,1,2,7,2
rs1405,a,6,a6,2,1,2,7,2
rs1406,a,6,a6,2,2,2,7,2
rs1407,a,6,a6,2,2,2,7,2
rs1408,a,6,a6,2,4,2,7,2
rs1409,a,6,a6,2,4,2,7,2
rs141,c,1,c1,2,1,0,2,2
rs141-sp,c,1,c1,2,1,0,2,2
rs1410,a,6,a6,2,6,2,7,3
rs1410-sp,a,6,a6,2,6,2,7,3
rs1411,a,6,a6,2,6,2,7,3
rs1412,a,6,a6,2,7,2,7,3
rs1413,a,6,a6,2,7,2,7,3
rs1414,a,6,a6,2,8,2,7,3
rs1415,a,6,a6,2,8,2,7,3
rs1416,a,6,a6,2,10,2,7,3
rs1417,a,6,a6,2,10,2,7,3
rs1418,a,6,a6,2,11,2,7,3
rs1419,a,6,a6,2,11,2,7,3
rs142,c,1,c1,2,1,0,2,2
rs1420,a,6,a6,3,0,2,7,4
rs1421,a,6,a6,3,0,2,7,4
rs1422,a,6,a6,3,1,2,7,4
rs1423,a,6,a6,3,1,2,7,4
rs1424,a,6,a6,3,2,2,7,4
rs1425,a,6,a6,3,2,2,7,4
rs1426,a,6,a6,3,4,2,7,4
rs1427,a,6,a6,3,4,2,7,4
rs1429,a,6,a6,3,6,2,7,5
rs1429-sp,a,6,a6,3,6,2,7,5
rs143,c,1,c1,2,2,0,2,2
rs143-sp,c,1,c1,2,2,0,2,2
rs1430,a,6,a6,3,7,2,7,5
rs1430-sp,a,6,a6,3,7,2,7,5
rs1431,a,6,a6,3,7,2,7,5
rs1431-sp,a,6,a6,3,7,2,7,5
rs1432,a,6,a6,3,8,2,7,5
rs1432-sp,a,6,a6,3,8,2,7,5
rs1433,a,6,a6,3,8,2,7,5
rs1433-sp,a,6,a6,3,8,2,7,5
rs1434,a,6,a6,3,10,2,7,5
rs1434-sp,a,6,a6,3,10,2,7,5
rs1435,a,6,a6,3,10,2,7,5
rs1435-sp,a,6,a6,3,10,2,7,5
rs1438,a,6,a6,4,0,2,7,6
rs1439,a,6,a6,4,0,2,7,6
rs144,c,1,c1,2,4,0,2,2
rs144-sp,c,1,c1,2,4,0,2,2
rs1440,a,6,a6,4,1,2,7,6
rs1441,a,6,a6,4,1,2,7,6
rs1442,a,6,a6,4,2,2,7,6
rs1443,a,6,a6,4,2,2,7,6
rs1443-sp,a,6,a6,4,2,2,7,6
rs1444,a,6,a6,4,4,2,7,6
rs1445,a,6,a6,4,4,2,7,6
rs1446,a,6,a6,4,6,2,7,7
rs1447,a,6,a6,4,6,2,7,7
rs1448,a,6,a6,4,7,2,7,7
rs1449,a,6,a6,4,7,2,7,7
rs1449-sp,a,6,a6,4,7,2,7,7
rs145,c,1,c1,2,4,0,2,2
rs145-sp,c,1,c1,2,4,0,2,2
rs1450,a,6,a6,4,8,2,7,7
rs1451,a,6,a6,4,8,2,7,7
rs1452,a,6,a6,4,10,2,7,7
rs1453,a,6,a6,4,10,2,7,7
rs1453-sp,a,6,a6,4,10,2,7,7
rs1454,a,6,a6,4,11,2,7,7
rs1455,a,6,a6,4,11,2,7,7
rs1456,b,6,b6,1,0,2,6,0
rs1457,b,6,b6,1,0,2,6,0
rs1458,b,6,b6,1,1,2,6,0
rs1458-sp,b,6,b6,1,1,2,6,0
rs1459,b,6,b6,1,1,2,6,0
rs146,c,1,c1,2,6,0,2,3
rs146-sp,c,1,c1,2,6,0,2,3
rs1460,b,6,b6,1,2,2,6,0
rs1461,b,6,b6,1,2,2,6,0
rs1462,b,6,b6,1,4,2,6,0
rs1463,b,6,b6,1,4,2,6,0
rs1464,b,6,b6,1,6,2,6,1
rs1465,b,6,b6,1,6,2,6,1
rs1466,b,6,b6,1,7,2,6,1
rs1467,b,6,b6,1,7,2,6,1
rs1467-sp,b,6,b6,1,7,2,6,1
rs1468,b,6,b6,1,8,2,6,1
rs1469,b,6,b6,1,8,2,6,1
rs1469-sp,b,6,b6,1,8,2,6,1
rs147,c,1,c1,2,7,0,2,3
rs1470,b,6,b6,1,10,2,6,1
rs1471,b,6,b6,1,10,2,6,1
rs1472,b,6,b6,1,11,2,6,1
rs1473,b,6,b6,1,11,2,6,1
rs1474,b,6,b6,2,0,2,6,2
rs1475,b,6,b6,2,0,2,6,2
rs1476,b,6,b6,2,1,2,6,2
rs1477,b,6,b6,2,1,2,6,2
rs1478,b,6,b6,2,2,2,6,2
rs1479,b,6,b6,2,2,2,6,2
rs148,c,1,c1,2,7,0,2,3
rs1480,b,6,b6,2,4,2,6,2
rs1481,b,6,b6,2,4,2,6,2
rs1482,b,6,b6,2,6,2,6,3
rs1483,b,6,b6,2,6,2,6,3
rs1484,b,6,b6,2,7,2,6,3
rs1485,b,6,b6,2,7,2,6,3
rs1485-sp,b,6,b6,2,7,2,6,3
rs1486,b,6,b6,2,8,2,6,3
rs1486-sp,b,6,b6,2,8,2,6,3
rs1487,b,6,b6,2,8,2,6,3
rs1487-sp,b,6,b6,2,8,2,6,3
rs1488,b,6,b6,2,10,2,6,3
rs1489,b,6,b6,2,10,2,6,3
rs149,c,1,c1,2,8,0,2,3
rs1490,b,6,b6,2,11,2,6,3
rs1491,b,6,b6,2,11,2,6,3
rs1492,b,6,b6,3,0,2,6,4
rs1493,b,6,b6,3,0,2,6,4
rs1494,b,6,b6,3,1,2,6,4
rs1495,b,6,b6,3,1,2,6,4
rs1496,b,6,b6,3,2,2,6,4
rs1497,b,6,b6,3,2,2,6,4
rs1497-sp,b,6,b6,3,2,2,6,4
rs1498,b,6,b6,3,4,2,6,4
rs1499,b,6,b6,3,4,2,6,4
rs15,a,1,a1,1,11,0,0,1
rs150,c,1,c1,2,8,0,2,3
rs1500,b,6,b6,3,6,2,6,5
rs1500-sp,b,6,b6,3,6,2,6,5
rs1501,b,6,b6,3,6,2,6,5
rs1501-sp,b,6,b6,3,6,2,6,5
rs1502,b,6,b6,3,7,2,6,5
rs1502-sp,b,6,b6,3,7,2,6,5
rs1503,b,6,b6,3,7,2,6,5
rs1503-sp,b,6,b6,3,7,2,6,5
rs1504,b,6,b6,3,8,2,6,5
rs1504-sp,b,6,b6,3,8,2,6,5
rs1505,b,6,b6,3,8,2,6,5
rs1505-sp,b,6,b6,3,8,2,6,5
rs1506,b,6,b6,3,10,2,6,5
rs1506-sp,b,6,b6,3,10,2,6,5
rs1507,b,6,b6,3,10,2,6,5
rs1507-sp,b,6,b6,3,10,2,6,5
rs1508,b,6,b6,3,11,2,6,5
rs1508-sp,b,6,b6,3,11,2,6,5
rs1509,b,6,b6,3,11,2,6,5
rs151,c,1,c1,2,10,0,2,3
rs1510,b,6,b6,4,0,2,6,6
rs1511,b,6,b6,4,0,2,6,6
rs1512,b,6,b6,4,1,2,6,6
rs1513,b,6,b6,4,1,2,6,6
rs1514,b,6,b6,4,2,2,6,6
rs1515,b,6,b6,4,2,2,6,6
rs1516,b,6,b6,4,4,2,6,6
rs1517,b,6,b6,4,4,2,6,6
rs1518,b,6,b6,4,6,2,6,7
rs1519,b,6,b6,4,6,2,6,7
rs152,c,1,c1,2,10,0,2,3
rs1520,b,6,b6,4,7,2,6,7
rs1521,b,6,b6,4,7,2,6,7
rs1521-sp,b,6,b6,4,7,2,6,7
rs1522,b,6,b6,4,8,2,6,7
rs1523,b,6,b6,4,8,2,6,7
rs1524,b,6,b6,4,10,2,6,7
rs1525,b,6,b6,4,10,2,6,7
rs1526,b,6,b6,4,11,2,6,7
rs1526-sp,b,6,b6,4,11,2,6,7
rs1527,b,6,b6,4,11,2,6,7
rs1528,c,6,c6,1,0,2,5,0
rs1529,c,6,c6,1,0,2,5,0
rs153,c,1,c1,2,11,0,2,3
rs1530,c,6,c6,1,1,2,5,0
rs1530-sp,c,6,c6,1,1,2,5,0
rs1531,c,6,c6,1,1,2,5,0
rs1532,c,6,c6,1,2,2,5,0
rs1533,c,6,c6,1,2,2,5,0
rs1534,c,6,c6,1,4,2,5,0
rs1535,c,6,c6,1,4,2,5,0
rs1536,c,6,c6,1,6,2,5,1
rs1537,c,6,c6,1,6,2,5,1
rs1538,c,6,c6,1,7,2,5,1
rs1539,c,6,c6,1,7,2,5,1
rs154,c,1,c1,2,11,0,2,3
rs1540,c,6,c6,1,8,2,5,1
rs1541,c,6,c6,1,8,2,5,1
rs1542,c,6,c6,1,10,2,5,1
rs1543,c,6,c6,1,10,2,5,1
rs1544,c,6,c6,1,11,2,5,1
rs1545,c,6,c6,1,11,2,5,1
rs1546,c,6,c6,2,0,2,5,2
rs1547,c,6,c6,2,0,2,5,2
rs1548,c,6,c6,2,1,2,5,2
rs1549,c,6,c6,2,1,2,5,2
rs155,c,1,c1,3,0,0,2,4
rs155-sp,c,1,c1,3,0,0,2,4
rs1550,c,6,c6,2,2,2,5,2
rs1550-sp,c,6,c6,2,2,2,5,2
rs1551,c,6,c6,2,2,2,5,2
rs1552,c,6,c6,2,4,2,5,2
rs1553,c,6,c6,2,4,2,5,2
rs1554,c,6,c6,2,6,2,5,3
rs1555,c,6,c6,2,6,2,5,3
rs1556,c,6,c6,2,7,2,5,3
rs1557,c,6,c6,2,7,2,5,3
rs1558,c,6,c6,2,8,2,5,3
rs1559,c,6,c6,2,8,2,5,3
rs156,c,1,c1,3,1,0,2,4
rs156-sp,c,1,c1,3,1,0,2,4
rs1560,c,6,c6,2,10,2,5,3
rs1561,c,6,c6,2,10,2,5,3
rs1562,c,6,c6,2,11,2,5,3
rs1563,c,6,c6,2,11,2,5,3
rs1564,c,6,c6,3,0,2,5,4
rs1565,c,6,c6,3,0,2,5,4
rs1566,c,6,c6,3,1,2,5,4
rs1567,c,6,c6,3,1,2,5,4
rs1568,c,6,c6,3,2,2,5,4
rs1569,c,6,c6,3,2,2,5,4
rs157,c,1,c1,3,1,0,2,4
rs157-sp,c,1,c1,3,1,0,2,4
rs1570,c,6,c6,3,4,2,5,4
rs1571,c,6,c6,3,4,2,5,4
rs1572,c,6,c6,3,6,2,5,5
rs1572-sp,c,6,c6,3,6,2,5,5
rs1573,c,6,c6,3,6,2,5,5
rs1573-sp,c,6,c6,3,6,2,5,5
rs1574,c,6,c6,3,7,2,5,5
rs1574-sp,c,6,c6,3,7,2,5,5
rs1575,c,6,c6,3,7,2,5,5
rs1575-sp,c,6,c6,3,7,2,5,5
rs1576,c,6,c6,3,8,2,5,5
rs1576-sp,c,6,c6,3,8,2,5,5
rs1577,c,6,c6,3,8,2,5,5
rs1577-sp,c,6,c6,3,8,2,5,5
rs1578,c,6,c6,3,10,2,5,5
rs1578-sp,c,6,c6,3,10,2,5,5
rs1579,c,6,c6,3,10,2,5,5
rs1579-sp,c,6,c6,3,10,2,5,5
rs158,c,1,c1,3,2,0,2,4
rs158-sp,c,1,c1,3,2,0,2,4
rs1580,c,6,c6,3,11,2,5,5
rs1580-sp,c,6,c6,3,11,2,5,5
rs1581,c,6,c6,3,11,2,5,5
rs1581-sp,c,6,c6,3,11,2,5,5
rs1583-sp,c,6,c6,4,0,2,5,6
rs1584,c,6,c6,4,1,2,5,6
rs1585,c,6,c6,4,1,2,5,6
rs1586,c,6,c6,4,2,2,5,6
rs1587,c,6,c6,4,2,2,5,6
rs1588,c,6,c6,4,4,2,5,6
rs1589,c,6,c6,4,4,2,5,6
rs159,c,1,c1,3,2,0,2,4
rs159-sp,c,1,c1,3,2,0,2,4
rs1590,c,6,c6,4,6,2,5,7
rs1591,c,6,c6,4,6,2,5,7
rs1592,c,6,c6,4,7,2,5,7
rs1592-sp,c,6,c6,4,7,2,5,7
rs1593,c,6,c6,4,7,2,5,7
rs1594,c,6,c6,4,8,2,5,7
rs1595,c,6,c6,4,8,2,5,7
rs1596,c,6,c6,4,10,2,5,7
rs1597,c,6,c6,4,10,2,5,7
rs1598,c,6,c6,4,11,2,5,7
rs1599,c,6,c6,4,11,2,5,7
rs16,a,1,a1,1,11,0,0,1
rs160,c,1,c1,3,4,0,2,4
rs160-sp,c,1,c1,3,4,0,2,4
rs1600,d,6,d6,1,0,2,4,0
rs1600-sp,d,6,d6,1,0,2,4,0
rs1601,d,6,d6,1,0,2,4,0
rs1601-sp,d,6,d6,1,0,2,4,0
rs1602,d,6,d6,1,1,2,4,0
rs1602-sp,d,6,d6,1,1,2,4,0
rs1603,d,6,d6,1,1,2,4,0
rs1603-sp,d,6,d6,1,1,2,4,0
rs1604,d,6,d6,1,2,2,4,0
rs1604-sp,d,6,d6,1,2,2,4,0
rs1605,d,6,d6,1,2,2,4,0
rs1605-sp,d,6,d6,1,2,2,4,0
rs1606,d,6,d6,1,4,2,4,0
rs1606-sp,d,6,d6,1,4,2,4,0
rs1607,d,6,d6,1,4,2,4,0
rs1607-sp,d,6,d6,1,4,2,4,0
rs1608,d,6,d6,1,6,2,4,1
rs1608-sp,d,6,d6,1,6,2,4,1
rs1609,d,6,d6,1,6,2,4,1
rs1609-sp,d,6,d6,1,6,2,4,1
rs161,c,1,c1,3,4,0,2,4
rs161-sp,c,1,c1,3,4,0,2,4
rs1610,d,6,d6,1,7,2,4,1
rs1610-sp,d,6,d6,1,7,2,4,1
rs1611,d,6,d6,1,7,2,4,1
rs1611-sp,d,6,d6,1,7,2,4,1
rs1612,d,6,d6,1,8,2,4,1
rs1612-sp,d,6,d6,1,8,2,4,1
rs1613,d,6,d6,1,8,2,4,1
rs1614,d,6,d6,1,10,2,4,1
rs1614-sp,d,6,d6,1,10,2,4,1
rs1615,d,6,d6,1,10,2,4,1
rs1615-sp,d,6,d6,1,10,2,4,1
rs1616,d,6,d6,1,11,2,4,1
rs1616-sp,d,6,d6,1,11,2,4,1
rs1617,d,6,d6,1,11,2,4,1
rs1617-sp,d,6,d6,1,11,2,4,1
rs1618,d,6,d6,2,0,2,4,2
rs1618-sp,d,6,d6,2,0,2,4,2
rs1619,d,6,d6,2,0,2,4,2
rs1619-sp,d,6,d6,2,0,2,4,2
rs162,c,1,c1,3,6,0,2,5
rs162-sp,c,1,c1,3,6,0,2,5
rs1620,d,6,d6,2,1,2,4,2
rs1620-sp,d,6,d6,2,1,2,4,2
rs1621,d,6,d6,2,1,2,4,2
rs1621-sp,d,6,d6,2,1,2,4,2
rs1622,d,6,d6,2,2,2,4,2
rs1622-sp,d,6,d6,2,2,2,4,2
rs1623,d,6,d6,2,2,2,4,2
rs1623-sp,d,6,d6,2,2,2,4,2
rs1624,d,6,d6,2,4,2,4,2
rs1624-sp,d,6,d6,2,4,2,4,2
rs1625,d,6,d6,2,4,2,4,2
rs1625-sp,d,6,d6,2,4,2,4,2
rs1626,d,6,d6,2,6,2,4,3
rs1626-sp,d,6,d6,2,6,2,4,3
rs1627,d,6,d6,2,6,2,4,3
rs1627-sp,d,6,d6,2,6,2,4,3
rs1628,d,6,d6,2,7,2,4,3
rs1629,d,6,d6,2,7,2,4,3
rs1629-sp,d,6,d6,2,7,2,4,3
rs163,c,1,c1,3,7,0,2,5
rs163-sp,c,1,c1,3,7,0,2,5
rs1630,d,6,d6,2,8,2,4,3
rs1630-sp,d,6,d6,2,8,2,4,3
rs1631,d,6,d6,2,8,2,4,3
rs1631-sp,d,6,d6,2,8,2,4,3
rs1632,d,6,d6,2,10,2,4,3
rs1632-sp,d,6,d6,2,10,2,4,3
rs1633,d,6,d6,2,10,2,4,3
rs1633-sp,d,6,d6,2,10,2,4,3
rs1634,d,6,d6,2,11,2,4,3
rs1634-sp,d,6,d6,2,11,2,4,3
rs1635,d,6,d6,2,11,2,4,3
rs1636,d,6,d6,3,0,2,4,4
rs1636-sp,d,6,d6,3,0,2,4,4
rs1637,d,6,d6,3,0,2,4,4
rs1637-sp,d,6,d6,3,0,2,4,4
rs1638,d,6,d6,3,1,2,4,4
rs1638-sp,d,6,d6,3,1,2,4,4
rs1639,d,6,d6,3,1,2,4,4
rs1639-sp,d,6,d6,3,1,2,4,4
rs164,c,1,c1,3,7,0,2,5
rs164-sp,c,1,c1,3,7,0,2,5
rs1642,d,6,d6,3,4,2,4,4
rs1642-sp,d,6,d6,3,4,2,4,4
rs1643,d,6,d6,3,4,2,4,4
rs1643-sp,d,6,d6,3,4,2,4,4
rs1644,d,6,d6,3,6,2,4,5
rs1644-sp,d,6,d6,3,6,2,4,5
rs1645,d,6,d6,3,6,2,4,5
rs1645-sp,d,6,d6,3,6,2,4,5
rs1646,d,6,d6,3,7,2,4,5
rs1646-sp,d,6,d6,3,7,2,4,5
rs1647,d,6,d6,3,7,2,4,5
rs1647-sp,d,6,d6,3,7,2,4,5
rs1648,d,6,d6,3,8,2,4,5
rs1648-sp,d,6,d6,3,8,2,4,5
rs1649,d,6,d6,3,8,2,4,5
rs1649-sp,d,6,d6,3,8,2,4,5
rs165,c,1,c1,3,8,0,2,5
rs165-sp,c,1,c1,3,8,0,2,5
rs1650,d,6,d6,3,10,2,4,5
rs1650-sp,d,6,d6,3,10,2,4,5
rs1651,d,6,d6,3,10,2,4,5
rs1651-sp,d,6,d6,3,10,2,4,5
rs1652,d,6,d6,3,11,2,4,5
rs1652-sp,d,6,d6,3,11,2,4,5
rs1653,d,6,d6,3,11,2,4,5
rs1653-sp,d,6,d6,3,11,2,4,5
rs1654,d,6,d6,4,0,2,4,6
rs1654-sp,d,6,d6,4,0,2,4,6
rs1655,d,6,d6,4,0,2,4,6
rs1655-sp,d,6,d6,4,0,2,4,6
rs1656,d,6,d6,4,1,2,4,6
rs1656-sp,d,6,d6,4,1,2,4,6
rs1657,d,6,d6,4,1,2,4,6
rs1657-sp,d,6,d6,4,1,2,4,6
rs1658,d,6,d6,4,2,2,4,6
rs1658-sp,d,6,d6,4,2,2,4,6
rs1659,d,6,d6,4,2,2,4,6
rs1659-sp,d,6,d6,4,2,2,4,6
rs166,c,1,c1,3,8,0,2,5
rs166-sp,c,1,c1,3,8,0,2,5
rs1660,d,6,d6,4,4,2,4,6
rs1660-sp,d,6,d6,4,4,2,4,6
rs1661,d,6,d6,4,4,2,4,6
rs1661-sp,d,6,d6,4,4,2,4,6
rs1662,d,6,d6,4,6,2,4,7
rs1662-sp,d,6,d6,4,6,2,4,7
rs1663,d,6,d6,4,6,2,4,7
rs1663-sp,d,6,d6,4,6,2,4,7
rs1664,d,6,d6,4,7,2,4,7
rs1664-sp,d,6,d6,4,7,2,4,7
rs1665,d,6,d6,4,7,2,4,7
rs1665-sp,d,6,d6,4,7,2,4,7
rs1666,d,6,d6,4,8,2,4,7
rs1666-sp,d,6,d6,4,8,2,4,7
rs1667,d,6,d6,4,8,2,4,7
rs1667-sp,d,6,d6,4,8,2,4,7
rs1668,d,6,d6,4,10,2,4,7
rs1668-sp,d,6,d6,4,10,2,4,7
rs1669,d,6,d6,4,10,2,4,7
rs1669-sp,d,6,d6,4,10,2,4,7
rs167,c,1,c1,3,10,0,2,5
rs167-sp,c,1,c1,3,10,0,2,5
rs1670,d,6,d6,4,11,2,4,7
rs1670-sp,d,6,d6,4,11,2,4,7
rs1671,d,6,d6,4,11,2,4,7
rs1671-sp,d,6,d6,4,11,2,4,7
rs168,c,1,c1,3,10,0,2,5
rs168-sp,c,1,c1,3,10,0,2,5
rs169,c,1,c1,3,11,0,2,5
rs169-sp,c,1,c1,3,11,0,2,5
rs17,a,1,a1,2,0,0,0,2
rs17-sp,a,1,a1,2,0,0,0,2
rs170,c,1,c1,3,11,0,2,5
rs170-sp,c,1,c1,3,11,0,2,5
rs171,c,1,c1,4,0,0,2,6
rs171-sp,c,1,c1,4,0,0,2,6
rs172,c,1,c1,4,1,0,2,6
rs173,c,1,c1,4,1,0,2,6
rs174,c,1,c1,4,2,0,2,6
rs175,c,1,c1,4,2,0,2,6
rs176,c,1,c1,4,4,0,2,6
rs177,c,1,c1,4,4,0,2,6
rs178,c,1,c1,4,6,0,2,7
rs179,c,1,c1,4,6,0,2,7
rs18,a,1,a1,2,1,0,0,2
rs180,c,1,c1,4,7,0,2,7
rs181,c,1,c1,4,7,0,2,7
rs182,c,1,c1,4,8,0,2,7
rs183,c,1,c1,4,8,0,2,7
rs184,c,1,c1,4,10,0,2,7
rs185,c,1,c1,4,10,0,2,7
rs185-sp,c,1,c1,4,10,0,2,7
rs186,c,1,c1,4,11,0,2,7
rs187,c,1,c1,4,11,0,2,7
rs188,d,1,d1,1,0,0,3,0
rs188-sp,d,1,d1,1,0,0,3,0
rs189,d,1,d1,1,0,0,3,0
rs19,a,1,a1,2,1,0,0,2
rs190,d,1,d1,1,1,0,3,0
rs190-sp,d,1,d1,1,1,0,3,0
rs191,d,1,d1,1,1,0,3,0
rs192,d,1,d1,1,2,0,3,0
rs192-sp,d,1,d1,1,2,0,3,0
rs193,d,1,d1,1,2,0,3,0
rs193-sp,d,1,d1,1,2,0,3,0
rs194,d,1,d1,1,4,0,3,0
rs194-sp,d,1,d1,1,4,0,3,0
rs195,d,1,d1,1,4,0,3,0
rs196,d,1,d1,1,6,0,3,1
rs196-sp,d,1,d1,1,6,0,3,1
rs197,d,1,d1,1,6,0,3,1
rs198,d,1,d1,1,7,0,3,1
rs198-sp,d,1,d1,1,7,0,3,1
rs199,d,1,d1,1,7,0,3,1
rs2,a,1,a1,1,1,0,0,0
rs2-sp,a,1,a1,1,1,0,0,0
rs20,a,1,a1,2,2,0,0,2
rs200,d,1,d1,1,8,0,3,1
rs200-sp,d,1,d1,1,8,0,3,1
rs201,d,1,d1,1,8,0,3,1
rs202,d,1,d1,1,10,0,3,1
rs202-sp,d,1,d1,1,10,0,3,1
rs203,d,1,d1,1,10,0,3,1
rs204,d,1,d1,1,11,0,3,1
rs204-sp,d,1,d1,1,11,0,3,1
rs205,d,1,d1,1,11,0,3,1
rs206,d,1,d1,2,0,0,3,2
rs207,d,1,d1,2,0,0,3,2
rs208,d,1,d1,2,1,0,3,2
rs209,d,1,d1,2,1,0,3,2
rs21,a,1,a1,2,4,0,0,2
rs210,d,1,d1,2,2,0,3,2
rs211,d,1,d1,2,2,0,3,2
rs212,d,1,d1,2,4,0,3,2
rs213,d,1,d1,2,4,0,3,2
rs214,d,1,d1,2,6,0,3,3
rs215,d,1,d1,2,6,0,3,3
rs216,d,1,d1,2,7,0,3,3
rs217,d,1,d1,2,7,0,3,3
rs218,d,1,d1,2,8,0,3,3
rs219,d,1,d1,2,8,0,3,3
rs22,a,1,a1,2,4,0,0,2
rs22-sp,a,1,a1,2,4,0,0,2
rs220,d,1,d1,2,10,0,3,3
rs221,d,1,d1,2,10,0,3,3
rs222,d,1,d1,2,11,0,3,3
rs223,d,1,d1,2,11,0,3,3
rs223-sp,d,1,d1,2,11,0,3,3
rs224,d,1,d1,3,0,0,3,4
rs225,d,1,d1,3,0,0,3,4
rs226,d,1,d1,3,1,0,3,4
rs227,d,1,d1,3,1,0,3,4
rs228,d,1,d1,3,2,0,3,4
rs228-sp,d,1,d1,3,2,0,3,4
rs229,d,1,d1,3,2,0,3,4
rs23,a,1,a1,2,6,0,0,3
rs230,d,1,d1,3,4,0,3,4
rs230-sp,d,1,d1,3,4,0,3,4
rs231,d,1,d1,3,4,0,3,4
rs232,d,1,d1,3,6,0,3,5
rs232-sp,d,1,d1,3,6,0,3,5
rs233,d,1,d1,3,6,0,3,5
rs233-sp,d,1,d1,3,6,0,3,5
rs234,d,1,d1,3,7,0,3,5
rs234-sp,d,1,d1,3,7,0,3,5
rs235,d,1,d1,3,7,0,3,5
rs235-sp,d,1,d1,3,7,0,3,5
rs236,d,1,d1,3,8,0,3,5
rs236-sp,d,1,d1,3,8,0,3,5
rs237,d,1,d1,3,8,0,3,5
rs237-sp,d,1,d1,3,8,0,3,5
rs238,d,1,d1,3,10,0,3,5
rs238-sp,d,1,d1,3,10,0,3,5
rs239,d,1,d1,3,10,0,3,5
rs239-sp,d,1,d1,3,10,0,3,5
rs24,a,1,a1,2,7,0,0,3
rs240,d,1,d1,3,11,0,3,5
rs240-sp,d,1,d1,3,11,0,3,5
rs241,d,1,d1,3,11,0,3,5
rs241-sp,d,1,d1,3,11,0,3,5
rs242,d,1,d1,4,0,0,3,6
rs243,d,1,d1,4,0,0,3,6
rs244,d,1,d1,4,1,0,3,6
rs245,d,1,d1,4,1,0,3,6
rs246,d,1,d1,4,2,0,3,6
rs247,d,1,d1,4,2,0,3,6
rs248,d,1,d1,4,4,0,3,6
rs248-sp,d,1,d1,4,4,0,3,6
rs249,d,1,d1,4,4,0,3,6
rs25,a,1,a1,2,7,0,0,3
rs251,d,1,d1,4,6,0,3,7
rs252,d,1,d1,4,7,0,3,7
rs252-sp,d,1,d1,4,7,0,3,7
rs254,d,1,d1,4,8,0,3,7
rs254-sp,d,1,d1,4,8,0,3,7
rs255,d,1,d1,4,8,0,3,7
rs255-sp,d,1,d1,4,8,0,3,7
rs256,d,1,d1,4,10,0,3,7
rs256-sp,d,1,d1,4,10,0,3,7
rs257,d,1,d1,4,10,0,3,7
rs257-sp,d,1,d1,4,10,0,3,7
rs258,d,1,d1,4,11,0,3,7
rs258-sp,d,1,d1,4,11,0,3,7
rs259,d,1,d1,4,11,0,3,7
rs259-sp,d,1,d1,4,11,0,3,7
rs26,a,1,a1,2,8,0,0,3
rs26-sp,a,1,a1,2,8,0,0,3
rs260,a,2,a2,1,0,0,7,0
rs260-sp,a,2,a2,1,0,0,7,0
rs261,a,2,a2,1,0,0,7,0
rs262,a,2,a2,1,1,0,7,0
rs263,a,2,a2,1,1,0,7,0
rs264,a,2,a2,1,2,0,7,0
rs264-sp,a,2,a2,1,2,0,7,0
rs265,a,2,a2,1,2,0,7,0
rs266,a,2,a2,1,4,0,7,0
rs266-sp,a,2,a2,1,4,0,7,0
rs267,a,2,a2,1,4,0,7,0
rs268,a,2,a2,1,6,0,7,1
rs268-sp,a,2,a2,1,6,0,7,1
rs269,a,2,a2,1,7,0,7,1
rs269-sp,a,2,a2,1,7,0,7,1
rs27,a,1,a1,2,8,0,0,3
rs270,a,2,a2,1,7,0,7,1
rs271,a,2,a2,1,8,0,7,1
rs271-sp,a,2,a2,1,8,0,7,1
rs272,a,2,a2,1,10,0,7,1
rs272-sp,a,2,a2,1,10,0,7,1
rs273,a,2,a2,1,11,0,7,1
rs273-sp,a,2,a2,1,11,0,7,1
rs274,a,2,a2,1,11,0,7,1
rs275,a,2,a2,2,0,0,7,2
rs275-sp,a,2,a2,2,0,0,7,2
rs276,a,2,a2,2,0,0,7,2
rs276-sp,a,2,a2,2,0,0,7,2
rs277,a,2,a2,2,1,0,7,2
rs277-sp,a,2,a2,2,1,0,7,2
rs278,a,2,a2,2,1,0,7,2
rs278-sp,a,2,a2,2,1,0,7,2
rs279,a,2,a2,2,2,0,7,2
rs279-sp,a,2,a2,2,2,0,7,2
rs28,a,1,a1,2,10,0,0,3
rs280,a,2,a2,2,2,0,7,2
rs281,a,2,a2,2,4,0,7,2
rs281-sp,a,2,a2,2,4,0,7,2
rs282,a,2,a2,2,4,0,7,2
rs282-sp,a,2,a2,2,4,0,7,2
rs283,a,2,a2,2,6,0,7,3
rs283-sp,a,2,a2,2,6,0,7,3
rs284,a,2,a2,2,6,0,7,3
rs284-sp,a,2,a2,2,6,0,7,3
rs285,a,2,a2,2,7,0,7,3
rs286,a,2,a2,2,7,0,7,3
rs286-sp,a,2,a2,2,7,0,7,3
rs287,a,2,a2,2,8,0,7,3
rs287-sp,a,2,a2,2,8,0,7,3
rs288,a,2,a2,2,10,0,7,3
rs288-sp,a,2,a2,2,10,0,7,3
rs289,a,2,a2,2,11,0,7,3
rs289-sp,a,2,a2,2,11,0,7,3
rs29,a,1,a1,2,11,0,0,3
rs290-sp,a,2,a2,2,11,0,7,3
rs291,a,2,a2,3,0,0,7,4
rs292,a,2,a2,3,0,0,7,4
rs293,a,2,a2,3,1,0,7,4
rs294,a,2,a2,3,1,0,7,4
rs295,a,2,a2,3,2,0,7,4
rs296,a,2,a2,3,2,0,7,4
rs297,a,2,a2,3,4,0,7,4
rs298,a,2,a2,3,4,0,7,4
rs299,a,2,a2,3,6,0,7,5
rs299-sp,a,2,a2,3,6,0,7,5
rs3,a,1,a1,1,1,0,0,0
rs30,a,1,a1,2,11,0,0,3
rs300,a,2,a2,3,6,0,7,5
rs300-sp,a,2,a2,3,6,0,7,5
rs301,a,2,a2,3,7,0,7,5
rs301-sp,a,2,a2,3,7,0,7,5
rs302,a,2,a2,3,7,0,7,5
rs302-sp,a,2,a2,3,7,0,7,5
rs303,a,2,a2,3,8,0,7,5
rs303-sp,a,2,a2,3,8,0,7,5
rs304,a,2,a2,3,8,0,7,5
rs304-sp,a,2,a2,3,8,0,7,5
rs305,a,2,a2,3,10,0,7,5
rs305-sp,a,2,a2,3,10,0,7,5
rs306,a,2,a2,3,11,0,7,5
rs306-sp,a,2,a2,3,11,0,7,5
rs307,a,2,a2,3,11,0,7,5
rs307-sp,a,2,a2,3,11,0,7,5
rs308,a,2,a2,4,0,0,7,6
rs309,a,2,a2,4,0,0,7,6
rs31,a,1,a1,3,0,0,0,4
rs31-sp,a,1,a1,3,0,0,0,4
rs310,a,2,a2,4,1,0,7,6
rs311,a,2,a2,4,1,0,7,6
rs312,a,2,a2,4,2,0,7,6
rs312-sp,a,2,a2,4,2,0,7,6
rs313,a,2,a2,4,2,0,7,6
rs314,a,2,a2,4,4,0,7,6
rs314-sp,a,2,a2,4,4,0,7,6
rs315,a,2,a2,4,4,0,7,6
rs316,a,2,a2,4,6,0,7,7
rs316-sp,a,2,a2,4,6,0,7,7
rs317,a,2,a2,4,6,0,7,7
rs318,a,2,a2,4,7,0,7,7
rs318-sp,a,2,a2,4,7,0,7,7
rs319,a,2,a2,4,7,0,7,7
rs32,a,1,a1,3,1,0,0,4
rs32-sp,a,1,a1,3,1,0,0,4
rs320,a,2,a2,4,8,0,7,7
rs320-sp,a,2,a2,4,8,0,7,7
rs321,a,2,a2,4,8,0,7,7
rs322,a,2,a2,4,10,0,7,7
rs322-sp,a,2,a2,4,10,0,7,7
rs323,a,2,a2,4,11,0,7,7
rs323-sp,a,2,a2,4,11,0,7,7
rs324,a,2,a2,4,11,0,7,7
rs325,b,2,b2,1,0,0,6,0
rs326,b,2,b2,1,1,0,6,0
rs327,b,2,b2,1,1,0,6,0
rs328,b,2,b2,1,2,0,6,0
rs329,b,2,b2,1,4,0,6,0
rs33,a,1,a1,3,1,0,0,4
rs330,b,2,b2,1,6,0,6,1
rs331,b,2,b2,1,7,0,6,1
rs332,b,2,b2,1,7,0,6,1
rs333,b,2,b2,1,8,0,6,1
rs334,b,2,b2,1,8,0,6,1
rs335,b,2,b2,1,10,0,6,1
rs335-sp,b,2,b2,1,10,0,6,1
rs336,b,2,b2,1,10,0,6,1
rs337,b,2,b2,1,11,0,6,1
rs338,b,2,b2,1,11,0,6,1
rs338-sp,b,2,b2,1,11,0,6,1
rs339,b,2,b2,2,0,0,6,2
rs34,a,1,a1,3,2,0,0,4
rs340,b,2,b2,2,1,0,6,2
rs341,b,2,b2,2,1,0,6,2
rs342,b,2,b2,2,2,0,6,2
rs343,b,2,b2,2,4,0,6,2
rs344,b,2,b2,2,6,0,6,3
rs345,b,2,b2,2,6,0,6,3
rs346,b,2,b2,2,7,0,6,3
rs347,b,2,b2,2,7,0,6,3
rs348,b,2,b2,2,8,0,6,3
rs349,b,2,b2,2,8,0,6,3
rs35,a,1,a1,3,2,0,0,4
rs350,b,2,b2,2,10,0,6,3
rs351,b,2,b2,2,10,0,6,3
rs352,b,2,b2,2,11,0,6,3
rs353,b,2,b2,2,11,0,6,3
rs354,b,2,b2,3,0,0,6,4
rs354-sp,b,2,b2,3,0,0,6,4
rs355,b,2,b2,3,0,0,6,4
rs355-sp,b,2,b2,3,0,0,6,4
rs356,b,2,b2,3,1,0,6,4
rs356-sp,b,2,b2,3,1,0,6,4
rs357,b,2,b2,3,1,0,6,4
rs357-sp,b,2,b2,3,1,0,6,4
rs358,b,2,b2,3,2,0,6,4
rs358-sp,b,2,b2,3,2,0,6,4
rs359,b,2,b2,3,4,0,6,4
rs359-sp,b,2,b2,3,4,0,6,4
rs36,a,1,a1,3,4,0,0,4
rs360,b,2,b2,3,4,0,6,4
rs360-sp,b,2,b2,3,4,0,6,4
rs361,b,2,b2,3,6,0,6,5
rs361-sp,b,2,b2,3,6,0,6,5
rs362,b,2,b2,3,7,0,6,5
rs362-sp,b,2,b2,3,7,0,6,5
rs363,b,2,b2,3,7,0,6,5
rs363-sp,b,2,b2,3,7,0,6,5
rs364,b,2,b2,3,8,0,6,5
rs364-sp,b,2,b2,3,8,0,6,5
rs365,b,2,b2,3,8,0,6,5
rs365-sp,b,2,b2,3,8,0,6,5
rs366,b,2,b2,3,10,0,6,5
rs366-sp,b,2,b2,3,10,0,6,5
rs367,b,2,b2,3,10,0,6,5
rs367-sp,b,2,b2,3,10,0,6,5
rs368,b,2,b2,3,11,0,6,5
rs368-sp,b,2,b2,3,11,0,6,5
rs369,b,2,b2,3,11,0,6,5
rs369-sp,b,2,b2,3,11,0,6,5
rs37,a,1,a1,3,4,0,0,4
rs370,b,2,b2,4,0,0,6,6
rs371,b,2,b2,4,1,0,6,6
rs372,b,2,b2,4,1,0,6,6
rs373,b,2,b2,4,2,0,6,6
rs374,b,2,b2,4,4,0,6,6
rs375,b,2,b2,4,6,0,6,7
rs376,b,2,b2,4,7,0,6,7
rs377,b,2,b2,4,7,0,6,7
rs378,b,2,b2,4,8,0,6,7
rs379,b,2,b2,4,8,0,6,7
rs38,a,1,a1,3,6,0,0,5
rs38-sp,a,1,a1,3,6,0,0,5
rs380,b,2,b2,4,10,0,6,7
rs381,b,2,b2,4,10,0,6,7
rs382,b,2,b2,4,11,0,6,7
rs382-sp,b,2,b2,4,11,0,6,7
rs383,b,2,b2,4,11,0,6,7
rs384,c,2,c2,1,0,0,5,0
rs384-sp,c,2,c2,1,0,0,5,0
rs385,c,2,c2,1,0,0,5,0
rs385-sp,c,2,c2,1,0,0,5,0
rs386,c,2,c2,1,1,0,5,0
rs387,c,2,c2,1,1,0,5,0
rs388,c,2,c2,1,2,0,5,0
rs389,c,2,c2,1,2,0,5,0
rs39,a,1,a1,3,6,0,0,5
rs39-sp,a,1,a1,3,6,0,0,5
rs390,c,2,c2,1,4,0,5,0
rs391,c,2,c2,1,4,0,5,0
rs392,c,2,c2,1,6,0,5,1
rs393,c,2,c2,1,6,0,5,1
rs394,c,2,c2,1,7,0,5,1
rs395,c,2,c2,1,7,0,5,1
rs396,c,2,c2,1,8,0,5,1
rs396-sp,c,2,c2,1,8,0,5,1
rs397,c,2,c2,1,8,0,5,1
rs398,c,2,c2,1,10,0,5,1
rs399,c,2,c2,1,11,0,5,1
rs4,a,1,a1,1,2,0,0,0
rs4-sp,a,1,a1,1,2,0,0,0
rs40,a,1,a1,3,7,0,0,5
rs40-sp,a,1,a1,3,7,0,0,5
rs400,c,2,c2,1,11,0,5,1
rs401,c,2,c2,2,0,0,5,2
rs401-sp,c,2,c2,2,0,0,5,2
rs402,c,2,c2,2,0,0,5,2
rs402-sp,c,2,c2,2,0,0,5,2
rs403,c,2,c2,2,1,0,5,2
rs403-sp,c,2,c2,2,1,0,5,2
rs404,c,2,c2,2,1,0,5,2
rs404-sp,c,2,c2,2,1,0,5,2
rs405,c,2,c2,2,2,0,5,2
rs405-sp,c,2,c2,2,2,0,5,2
rs406,c,2,c2,2,2,0,5,2
rs406-sp,c,2,c2,2,2,0,5,2
rs407,c,2,c2,2,4,0,5,2
rs407-sp,c,2,c2,2,4,0,5,2
rs408,c,2,c2,2,6,0,5,3
rs408-sp,c,2,c2,2,6,0,5,3
rs409,c,2,c2,2,7,0,5,3
rs409-sp,c,2,c2,2,7,0,5,3
rs41,a,1,a1,3,7,0,0,5
rs41-sp,a,1,a1,3,7,0,0,5
rs410,c,2,c2,2,7,0,5,3
rs410-sp,c,2,c2,2,7,0,5,3
rs411,c,2,c2,2,8,0,5,3
rs411-sp,c,2,c2,2,8,0,5,3
rs412,c,2,c2,2,8,0,5,3
rs412-sp,c,2,c2,2,8,0,5,3
rs413,c,2,c2,2,10,0,5,3
rs413-sp,c,2,c2,2,10,0,5,3
rs414,c,2,c2,2,11,0,5,3
rs414-sp,c,2,c2,2,11,0,5,3
rs415,c,2,c2,2,11,0,5,3
rs415-sp,c,2,c2,2,11,0,5,3
rs416,c,2,c2,3,0,0,5,4
rs417,c,2,c2,3,0,0,5,4
rs418,c,2,c2,3,1,0,5,4
rs419,c,2,c2,3,1,0,5,4
rs42,a,1,a1,3,8,0,0,5
rs42-sp,a,1,a1,3,8,0,0,5
rs420,c,2,c2,3,2,0,5,4
rs421,c,2,c2,3,2,0,5,4
rs422,c,2,c2,3,4,0,5,4
rs423,c,2,c2,3,4,0,5,4
rs424,c,2,c2,3,6,0,5,5
rs424-sp,c,2,c2,3,6,0,5,5
rs425,c,2,c2,3,6,0,5,5
rs425-sp,c,2,c2,3,6,0,5,5
rs426,c,2,c2,3,7,0,5,5
rs426-sp,c,2,c2,3,7,0,5,5
rs427,c,2,c2,3,7,0,5,5
rs427-sp,c,2,c2,3,7,0,5,5
rs428,c,2,c2,3,8,0,5,5
rs428-sp,c,2,c2,3,8,0,5,5
rs429,c,2,c2,3,8,0,5,5
rs429-sp,c,2,c2,3,8,0,5,5
rs43,a,1,a1,3,8,0,0,5
rs43-sp,a,1,a1,3,8,0,0,5
rs430,c,2,c2,3,10,0,5,5
rs430-sp,c,2,c2,3,10,0,5,5
rs431,c,2,c2,3,11,0,5,5
rs431-sp,c,2,c2,3,11,0,5,5
rs432,c,2,c2,3,11,0,5,5
rs433,c,2,c2,4,0,0,5,6
rs434,c,2,c2,4,0,0,5,6
rs435,c,2,c2,4,1,0,5,6
rs436,c,2,c2,4,1,0,5,6
rs437,c,2,c2,4,2,0,5,6
rs438,c,2,c2,4,2,0,5,6
rs438-sp,c,2,c2,4,2,0,5,6
rs439,c,2,c2,4,4,0,5,6
rs44,a,1,a1,3,10,0,0,5
rs44-sp,a,1,a1,3,10,0,0,5
rs440,c,2,c2,4,4,0,5,6
rs441,c,2,c2,4,6,0,5,7
rs441-sp,c,2,c2,4,6,0,5,7
rs442,c,2,c2,4,7,0,5,7
rs443,c,2,c2,4,7,0,5,7
rs444,c,2,c2,4,8,0,5,7
rs445,c,2,c2,4,10,0,5,7
rs446,c,2,c2,4,11,0,5,7
rs447,c,2,c2,4,11,0,5,7
rs447-sp,c,2,c2,4,11,0,5,7
rs448,d,2,d2,1,0,0,4,0
rs448-sp,d,2,d2,1,0,0,4,0
rs449,d,2,d2,1,0,0,4,0
rs449-sp,d,2,d2,1,0,0,4,0
rs45,a,1,a1,3,10,0,0,5
rs45-sp,a,1,a1,3,10,0,0,5
rs450,d,2,d2,1,1,0,4,0
rs450-sp,d,2,d2,1,1,0,4,0
rs452,d,2,d2,1,2,0,4,0
rs452-sp,d,2,d2,1,2,0,4,0
rs453,d,2,d2,1,2,0,4,0
rs453-sp,d,2,d2,1,2,0,4,0
rs454,d,2,d2,1,4,0,4,0
rs454-sp,d,2,d2,1,4,0,4,0
rs455,d,2,d2,1,4,0,4,0
rs455-sp,d,2,d2,1,4,0,4,0
rs456,d,2,d2,1,6,0,4,1
rs456-sp,d,2,d2,1,6,0,4,1
rs457,d,2,d2,1,6,0,4,1
rs457-sp,d,2,d2,1,6,0,4,1
rs458,d,2,d2,1,7,0,4,1
rs458-sp,d,2,d2,1,7,0,4,1
rs459,d,2,d2,1,7,0,4,1
rs459-sp,d,2,d2,1,7,0,4,1
rs46,a,1,a1,3,11,0,0,5
rs46-sp,a,1,a1,3,11,0,0,5
rs460,d,2,d2,1,8,0,4,1
rs460-sp,d,2,d2,1,8,0,4,1
rs461,d,2,d2,1,8,0,4,1
rs461-sp,d,2,d2,1,8,0,4,1
rs462,d,2,d2,1,10,0,4,1
rs462-sp,d,2,d2,1,10,0,4,1
rs463,d,2,d2,1,10,0,4,1
rs463-sp,d,2,d2,1,10,0,4,1
rs464,d,2,d2,1,11,0,4,1
rs464-sp,d,2,d2,1,11,0,4,1
rs465,d,2,d2,1,11,0,4,1
rs465-sp,d,2,d2,1,11,0,4,1
rs466,d,2,d2,2,0,0,4,2
rs466-sp,d,2,d2,2,0,0,4,2
rs467,d,2,d2,2,0,0,4,2
rs467-sp,d,2,d2,2,0,0,4,2
rs468,d,2,d2,2,1,0,4,2
rs468-sp,d,2,d2,2,1,0,4,2
rs469,d,2,d2,2,1,0,4,2
rs469-sp,d,2,d2,2,1,0,4,2
rs47,a,1,a1,3,11,0,0,5
rs47-sp,a,1,a1,3,11,0,0,5
rs470,d,2,d2,2,2,0,4,2
rs470-sp,d,2,d2,2,2,0,4,2
rs471,d,2,d2,2,2,0,4,2
rs471-sp,d,2,d2,2,2,0,4,2
rs472,d,2,d2,2,4,0,4,2
rs472-sp,d,2,d2,2,4,0,4,2
rs473,d,2,d2,2,4,0,4,2
rs473-sp,d,2,d2,2,4,0,4,2
rs474,d,2,d2,2,6,0,4,3
rs474-sp,d,2,d2,2,6,0,4,3
rs475,d,2,d2,2,6,0,4,3
rs475-sp,d,2,d2,2,6,0,4,3
rs476,d,2,d2,2,7,0,4,3
rs476-sp,d,2,d2,2,7,0,4,3
rs477,d,2,d2,2,7,0,4,3
rs477-sp,d,2,d2,2,7,0,4,3
rs478,d,2,d2,2,8,0,4,3
rs478-sp,d,2,d2,2,8,0,4,3
rs479,d,2,d2,2,8,0,4,3
rs479-sp,d,2,d2,2,8,0,4,3
rs48,a,1,a1,4,0,0,0,6
rs480-sp,d,2,d2,2,10,0,4,3
rs481,d,2,d2,2,10,0,4,3
rs481-sp,d,2,d2,2,10,0,4,3
rs482,d,2,d2,2,11,0,4,3
rs482-sp,d,2,d2,2,11,0,4,3
rs483,d,2,d2,2,11,0,4,3
rs483-sp,d,2,d2,2,11,0,4,3
rs484,d,2,d2,3,0,0,4,4
rs484-sp,d,2,d2,3,0,0,4,4
rs485,d,2,d2,3,0,0,4,4
rs485-sp,d,2,d2,3,0,0,4,4
rs486,d,2,d2,3,1,0,4,4
rs486-sp,d,2,d2,3,1,0,4,4
rs487,d,2,d2,3,1,0,4,4
rs487-sp,d,2,d2,3,1,0,4,4
rs488,d,2,d2,3,2,0,4,4
rs488-sp,d,2,d2,3,2,0,4,4
rs489,d,2,d2,3,2,0,4,4
rs489-sp,d,2,d2,3,2,0,4,4
rs49,a,1,a1,4,1,0,0,6
rs490,d,2,d2,3,4,0,4,4
rs491,d,2,d2,3,4,0,4,4
rs491-sp,d,2,d2,3,4,0,4,4
rs492,d,2,d2,3,6,0,4,5
rs492-sp,d,2,d2,3,6,0,4,5
rs493,d,2,d2,3,6,0,4,5
rs493-sp,d,2,d2,3,6,0,4,5
rs494,d,2,d2,3,7,0,4,5
rs494-sp,d,2,d2,3,7,0,4,5
rs495,d,2,d2,3,7,0,4,5
rs495-sp,d,2,d2,3,7,0,4,5
rs496,d,2,d2,3,8,0,4,5
rs496-sp,d,2,d2,3,8,0,4,5
rs497,d,2,d2,3,8,0,4,5
rs497-sp,d,2,d2,3,8,0,4,5
rs498,d,2,d2,3,10,0,4,5
rs498-sp,d,2,d2,3,10,0,4,5
rs499,d,2,d2,3,10,0,4,5
rs499-sp,d,2,d2,3,10,0,4,5
rs5,a,1,a1,1,2,0,0,0
rs5-sp,a,1,a1,1,2,0,0,0
rs50,a,1,a1,4,1,0,0,6
rs500,d,2,d2,3,11,0,4,5
rs500-sp,d,2,d2,3,11,0,4,5
rs501,d,2,d2,3,11,0,4,5
rs501-sp,d,2,d2,3,11,0,4,5
rs502,d,2,d2,4,0,0,4,6
rs502-sp,d,2,d2,4,0,0,4,6
rs503,d,2,d2,4,0,0,4,6
rs503-sp,d,2,d2,4,0,0,4,6
rs504,d,2,d2,4,1,0,4,6
rs504-sp,d,2,d2,4,1,0,4,6
rs505,d,2,d2,4,1,0,4,6
rs505-sp,d,2,d2,4,1,0,4,6
rs506,d,2,d2,4,2,0,4,6
rs506-sp,d,2,d2,4,2,0,4,6
rs507,d,2,d2,4,2,0,4,6
rs507-sp,d,2,d2,4,2,0,4,6
rs508,d,2,d2,4,4,0,4,6
rs508-sp,d,2,d2,4,4,0,4,6
rs509,d,2,d2,4,4,0,4,6
rs509-sp,d,2,d2,4,4,0,4,6
rs51,a,1,a1,4,2,0,0,6
rs510,d,2,d2,4,6,0,4,7
rs510-sp,d,2,d2,4,6,0,4,7
rs511,d,2,d2,4,6,0,4,7
rs511-sp,d,2,d2,4,6,0,4,7
rs512,d,2,d2,4,7,0,4,7
rs512-sp,d,2,d2,4,7,0,4,7
rs513,d,2,d2,4,7,0,4,7
rs513-sp,d,2,d2,4,7,0,4,7
rs514,d,2,d2,4,8,0,4,7
rs514-sp,d,2,d2,4,8,0,4,7
rs515,d,2,d2,4,8,0,4,7
rs515-sp,d,2,d2,4,8,0,4,7
rs516,d,2,d2,4,10,0,4,7
rs516-sp,d,2,d2,4,10,0,4,7
rs517,d,2,d2,4,10,0,4,7
rs517-sp,d,2,d2,4,10,0,4,7
rs518,d,2,d2,4,11,0,4,7
rs518-sp,d,2,d2,4,11,0,4,7
rs519,d,2,d2,4,11,0,4,7
rs519-sp,d,2,d2,4,11,0,4,7
rs52,a,1,a1,4,2,0,0,6
rs520,a,3,a3,1,0,1,0,0
rs520-sp,a,3,a3,1,0,1,0,0
rs521,a,3,a3,1,0,1,0,0
rs521-sp,a,3,a3,1,0,1,0,0
rs522,a,3,a3,1,1,1,0,0
rs522-sp,a,3,a3,1,1,1,0,0
rs523,a,3,a3,1,1,1,0,0
rs523-sp,a,3,a3,1,1,1,0,0
rs524,a,3,a3,1,2,1,0,0
rs524-sp,a,3,a3,1,2,1,0,0
rs525,a,3,a3,1,2,1,0,0
rs526,a,3,a3,1,4,1,0,0
rs527,a,3,a3,1,4,1,0,0
rs528,a,3,a3,1,6,1,0,1
rs529,a,3,a3,1,6,1,0,1
rs53,a,1,a1,4,4,0,0,6
rs530,a,3,a3,1,7,1,0,1
rs531,a,3,a3,1,7,1,0,1
rs532,a,3,a3,1,8,1,0,1
rs533,a,3,a3,1,8,1,0,1
rs539,a,3,a3,2,0,1,0,2
rs539-sp,a,3,a3,2,0,1,0,2
rs54,a,1,a1,4,4,0,0,6
rs540,a,3,a3,2,1,1,0,2
rs541,a,3,a3,2,1,1,0,2
rs542,a,3,a3,2,2,1,0,2
rs543,a,3,a3,2,2,1,0,2
rs544,a,3,a3,2,4,1,0,2
rs545,a,3,a3,2,4,1,0,2
rs546,a,3,a3,2,6,1,0,3
rs546-sp,a,3,a3,2,6,1,0,3
rs547,a,3,a3,2,6,1,0,3
rs548,a,3,a3,2,7,1,0,3
rs549,a,3,a3,2,7,1,0,3
rs55,a,1,a1,4,6,0,0,7
rs550,a,3,a3,2,8,1,0,3
rs551,a,3,a3,2,8,1,0,3
rs552,a,3,a3,2,10,1,0,3
rs553,a,3,a3,2,10,1,0,3
rs554,a,3,a3,2,11,1,0,3
rs555,a,3,a3,2,11,1,0,3
rs556,a,3,a3,3,0,1,0,4
rs557,a,3,a3,3,0,1,0,4
rs558,a,3,a3,3,1,1,0,4
rs559,a,3,a3,3,1,1,0,4
rs56,a,1,a1,4,7,0,0,7
rs560,a,3,a3,3,2,1,0,4
rs561,a,3,a3,3,2,1,0,4
rs562,a,3,a3,3,4,1,0,4
rs563,a,3,a3,3,4,1,0,4
rs563-sp,a,3,a3,3,4,1,0,4
rs564,a,3,a3,3,6,1,0,5
rs564-sp,a,3,a3,3,6,1,0,5
rs565,a,3,a3,3,6,1,0,5
rs565-sp,a,3,a3,3,6,1,0,5
rs566,a,3,a3,3,7,1,0,5
rs567,a,3,a3,3,7,1,0,5
rs567-sp,a,3,a3,3,7,1,0,5
rs568,a,3,a3,3,8,1,0,5
rs568-sp,a,3,a3,3,8,1,0,5
rs569,a,3,a3,3,8,1,0,5
rs569-sp,a,3,a3,3,8,1,0,5
rs57,a,1,a1,4,7,0,0,7
rs570,a,3,a3,3,10,1,0,5
rs570-sp,a,3,a3,3,10,1,0,5
rs571,a,3,a3,3,10,1,0,5
rs571-sp,a,3,a3,3,10,1,0,5
rs572,a,3,a3,3,11,1,0,5
rs572-sp,a,3,a3,3,11,1,0,5
rs573,a,3,a3,3,11,1,0,5
rs573-sp,a,3,a3,3,11,1,0,5
rs574,a,3,a3,4,0,1,0,6
rs575,a,3,a3,4,0,1,0,6
rs576,a,3,a3,4,1,1,0,6
rs576-sp,a,3,a3,4,1,1,0,6
rs577,a,3,a3,4,1,1,0,6
rs578,a,3,a3,4,2,1,0,6
rs579,a,3,a3,4,2,1,0,6
rs579-sp,a,3,a3,4,2,1,0,6
rs58,a,1,a1,4,8,0,0,7
rs580,a,3,a3,4,4,1,0,6
rs580-sp,a,3,a3,4,4,1,0,6
rs581,a,3,a3,4,4,1,0,6
rs582,a,3,a3,4,6,1,0,7
rs583,a,3,a3,4,6,1,0,7
rs584,a,3,a3,4,7,1,0,7
rs585,a,3,a3,4,7,1,0,7
rs586,a,3,a3,4,8,1,0,7
rs587,a,3,a3,4,8,1,0,7
rs588,a,3,a3,4,10,1,0,7
rs589,a,3,a3,4,10,1,0,7
rs59,a,1,a1,4,8,0,0,7
rs590,a,3,a3,4,11,1,0,7
rs591,a,3,a3,4,11,1,0,7
rs592,b,3,b3,1,0,1,1,0
rs593,b,3,b3,1,0,1,1,0
rs594,b,3,b3,1,1,1,1,0
rs595,b,3,b3,1,1,1,1,0
rs596,b,3,b3,1,2,1,1,0
rs597,b,3,b3,1,2,1,1,0
rs598,b,3,b3,1,4,1,1,0
rs599,b,3,b3,1,4,1,1,0
rs6,a,1,a1,1,4,0,0,0
rs6-sp,a,1,a1,1,4,0,0,0
rs60,a,1,a1,4,10,0,0,7
rs600,b,3,b3,1,6,1,1,1
rs601,b,3,b3,1,6,1,1,1
rs602,b,3,b3,1,7,1,1,1
rs603,b,3,b3,1,7,1,1,1
rs604,b,3,b3,1,8,1,1,1
rs605,b,3,b3,1,8,1,1,1
rs606,b,3,b3,1,10,1,1,1
rs607,b,3,b3,1,10,1,1,1
rs608,b,3,b3,1,11,1,1,1
rs609,b,3,b3,1,11,1,1,1
rs61,a,1,a1,4,10,0,0,7
rs610,b,3,b3,2,0,1,1,2
rs611,b,3,b3,2,0,1,1,2
rs612,b,3,b3,2,1,1,1,2
rs613,b,3,b3,2,1,1,1,2
rs614,b,3,b3,2,2,1,1,2
rs615,b,3,b3,2,2,1,1,2
rs616,b,3,b3,2,4,1,1,2
rs617,b,3,b3,2,4,1,1,2
rs618,b,3,b3,2,6,1,1,3
rs619,b,3,b3,2,6,1,1,3
rs62,a,1,a1,4,11,0,0,7
rs620,b,3,b3,2,7,1,1,3
rs621,b,3,b3,2,7,1,1,3
rs621-sp,b,3,b3,2,7,1,1,3
rs622,b,3,b3,2,8,1,1,3
rs623,b,3,b3,2,8,1,1,3
rs624,b,3,b3,2,10,1,1,3
rs625,b,3,b3,2,10,1,1,3
rs626,b,3,b3,2,11,1,1,3
rs627,b,3,b3,2,11,1,1,3
rs628,b,3,b3,3,0,1,1,4
rs628-sp,b,3,b3,3,0,1,1,4
rs629,b,3,b3,3,0,1,1,4
rs629-sp,b,3,b3,3,0,1,1,4
rs63,a,1,a1,4,11,0,0,7
rs630,b,3,b3,3,1,1,1,4
rs630-sp,b,3,b3,3,1,1,1,4
rs631,b,3,b3,3,1,1,1,4
rs631-sp,b,3,b3,3,1,1,1,4
rs632,b,3,b3,3,2,1,1,4
rs632-sp,b,3,b3,3,2,1,1,4
rs633,b,3,b3,3,2,1,1,4
rs633-sp,b,3,b3,3,2,1,1,4
rs634,b,3,b3,3,4,1,1,4
rs634-sp,b,3,b3,3,4,1,1,4
rs635,b,3,b3,3,4,1,1,4
rs635-sp,b,3,b3,3,4,1,1,4
rs636,b,3,b3,3,6,1,1,5
rs637,b,3,b3,3,6,1,1,5
rs637-sp,b,3,b3,3,6,1,1,5
rs638,b,3,b3,3,7,1,1,5
rs638-sp,b,3,b3,3,7,1,1,5
rs639,b,3,b3,3,7,1,1,5
rs639-sp,b,3,b3,3,7,1,1,5
rs64,b,1,b1,1,0,0,1,0
rs640,b,3,b3,3,8,1,1,5
rs640-sp,b,3,b3,3,8,1,1,5
rs641,b,3,b3,3,8,1,1,5
rs641-sp,b,3,b3,3,8,1,1,5
rs642,b,3,b3,3,10,1,1,5
rs642-sp,b,3,b3,3,10,1,1,5
rs643,b,3,b3,3,10,1,1,5
rs643-sp,b,3,b3,3,10,1,1,5
rs644,b,3,b3,3,11,1,1,5
rs644-sp,b,3,b3,3,11,1,1,5
rs645,b,3,b3,3,11,1,1,5
rs645-sp,b,3,b3,3,11,1,1,5
rs646,b,3,b3,4,0,1,1,6
rs647,b,3,b3,4,0,1,1,6
rs648,b,3,b3,4,1,1,1,6
rs649,b,3,b3,4,1,1,1,6
rs65,b,1,b1,1,0,0,1,0
rs650,b,3,b3,4,2,1,1,6
rs651,b,3,b3,4,2,1,1,6
rs652,b,3,b3,4,4,1,1,6
rs653,b,3,b3,4,4,1,1,6
rs654,b,3,b3,4,6,1,1,7
rs655,b,3,b3,4,6,1,1,7
rs656,b,3,b3,4,7,1,1,7
rs657,b,3,b3,4,7,1,1,7
rs658,b,3,b3,4,8,1,1,7
rs659,b,3,b3,4,8,1,1,7
rs66,b,1,b1,1,1,0,1,0
rs660,b,3,b3,4,10,1,1,7
rs661,b,3,b3,4,10,1,1,7
rs662,b,3,b3,4,11,1,1,7
rs663,b,3,b3,4,11,1,1,7
rs663-sp,b,3,b3,4,11,1,1,7
rs664,c,3,c3,1,0,1,2,0
rs664-sp,c,3,c3,1,0,1,2,0
rs665,c,3,c3,1,0,1,2,0
rs666,c,3,c3,1,1,1,2,0
rs666-sp,c,3,c3,1,1,1,2,0
rs667,c,3,c3,1,1,1,2,0
rs668,c,3,c3,1,2,1,2,0
rs669,c,3,c3,1,2,1,2,0
rs67,b,1,b1,1,1,0,1,0
rs670,c,3,c3,1,4,1,2,0
rs671,c,3,c3,1,4,1,2,0
rs672,c,3,c3,1,6,1,2,1
rs673,c,3,c3,1,6,1,2,1
rs674,c,3,c3,1,7,1,2,1
rs675,c,3,c3,1,7,1,2,1
rs675-sp,c,3,c3,1,7,1,2,1
rs676,c,3,c3,1,8,1,2,1
rs677,c,3,c3,1,8,1,2,1
rs678,c,3,c3,1,10,1,2,1
rs679,c,3,c3,1,10,1,2,1
rs68,b,1,b1,1,2,0,1,0
rs680,c,3,c3,1,11,1,2,1
rs681,c,3,c3,1,11,1,2,1
rs682,c,3,c3,2,0,1,2,2
rs683,c,3,c3,2,0,1,2,2
rs684,c,3,c3,2,1,1,2,2
rs685,c,3,c3,2,1,1,2,2
rs686,c,3,c3,2,2,1,2,2
rs687,c,3,c3,2,2,1,2,2
rs688,c,3,c3,2,4,1,2,2
rs689,c,3,c3,2,4,1,2,2
rs69,b,1,b1,1,2,0,1,0
rs690,c,3,c3,2,6,1,2,3
rs691,c,3,c3,2,6,1,2,3
rs692,c,3,c3,2,7,1,2,3
rs693,c,3,c3,2,7,1,2,3
rs694,c,3,c3,2,8,1,2,3
rs695,c,3,c3,2,8,1,2,3
rs696,c,3,c3,2,10,1,2,3
rs697,c,3,c3,2,10,1,2,3
rs698,c,3,c3,2,11,1,2,3
rs699,c,3,c3,2,11,1,2,3
rs7,a,1,a1,1,4,0,0,0
rs70,b,1,b1,1,4,0,1,0
rs700,c,3,c3,3,0,1,2,4
rs701,c,3,c3,3,0,1,2,4
rs702,c,3,c3,3,1,1,2,4
rs703,c,3,c3,3,1,1,2,4
rs704,c,3,c3,3,2,1,2,4
rs705,c,3,c3,3,2,1,2,4
rs706,c,3,c3,3,4,1,2,4
rs707,c,3,c3,3,4,1,2,4
rs708,c,3,c3,3,6,1,2,5
rs708-sp,c,3,c3,3,6,1,2,5
rs709,c,3,c3,3,6,1,2,5
rs709-sp,c,3,c3,3,6,1,2,5
rs71,b,1,b1,1,4,0,1,0
rs71-sp,b,1,b1,1,4,0,1,0
rs710,c,3,c3,3,7,1,2,5
rs710-sp,c,3,c3,3,7,1,2,5
rs711,c,3,c3,3,7,1,2,5
rs711-sp,c,3,c3,3,7,1,2,5
rs712,c,3,c3,3,8,1,2,5
rs712-sp,c,3,c3,3,8,1,2,5
rs713,c,3,c3,3,8,1,2,5
rs713-sp,c,3,c3,3,8,1,2,5
rs714,c,3,c3,3,10,1,2,5
rs714-sp,c,3,c3,3,10,1,2,5
rs715,c,3,c3,3,10,1,2,5
rs715-sp,c,3,c3,3,10,1,2,5
rs716,c,3,c3,3,11,1,2,5
rs716-sp,c,3,c3,3,11,1,2,5
rs717,c,3,c3,3,11,1,2,5
rs717-sp,c,3,c3,3,11,1,2,5
rs718,c,3,c3,4,0,1,2,6
rs718-sp,c,3,c3,4,0,1,2,6
rs719,c,3,c3,4,0,1,2,6
rs72,b,1,b1,1,6,0,1,1
rs72-sp,b,1,b1,1,6,0,1,1
rs720,c,3,c3,4,1,1,2,6
rs721,c,3,c3,4,1,1,2,6
rs722,c,3,c3,4,2,1,2,6
rs723,c,3,c3,4,2,1,2,6
rs724,c,3,c3,4,4,1,2,6
rs725,c,3,c3,4,4,1,2,6
rs726,c,3,c3,4,6,1,2,7
rs727,c,3,c3,4,6,1,2,7
rs728,c,3,c3,4,7,1,2,7
rs729,c,3,c3,4,7,1,2,7
rs729-sp,c,3,c3,4,7,1,2,7
rs73,b,1,b1,1,6,0,1,1
rs730,c,3,c3,4,8,1,2,7
rs731,c,3,c3,4,8,1,2,7
rs732,c,3,c3,4,10,1,2,7
rs733,c,3,c3,4,10,1,2,7
rs734,c,3,c3,4,11,1,2,7
rs735,c,3,c3,4,11,1,2,7
rs736,d,3,d3,1,0,1,3,0
rs736-sp,d,3,d3,1,0,1,3,0
rs737,d,3,d3,1,0,1,3,0
rs737-sp,d,3,d3,1,0,1,3,0
rs738,d,3,d3,1,1,1,3,0
rs739,d,3,d3,1,1,1,3,0
rs739-sp,d,3,d3,1,1,1,3,0
rs74,b,1,b1,1,7,0,1,1
rs740,d,3,d3,1,2,1,3,0
rs740-sp,d,3,d3,1,2,1,3,0
rs741,d,3,d3,1,2,1,3,0
rs741-sp,d,3,d3,1,2,1,3,0
rs742,d,3,d3,1,4,1,3,0
rs742-sp,d,3,d3,1,4,1,3,0
rs743,d,3,d3,1,4,1,3,0
rs743-sp,d,3,d3,1,4,1,3,0
rs744,d,3,d3,1,6,1,3,1
rs744-sp,d,3,d3,1,6,1,3,1
rs745,d,3,d3,1,6,1,3,1
rs746,d,3,d3,1,7,1,3,1
rs747,d,3,d3,1,7,1,3,1
rs747-sp,d,3,d3,1,7,1,3,1
rs748,d,3,d3,1,8,1,3,1
rs748-sp,d,3,d3,1,8,1,3,1
rs749,d,3,d3,1,8,1,3,1
rs749-sp,d,3,d3,1,8,1,3,1
rs75,b,1,b1,1,7,0,1,1
rs750,d,3,d3,1,10,1,3,1
rs750-sp,d,3,d3,1,10,1,3,1
rs751,d,3,d3,1,10,1,3,1
rs752,d,3,d3,1,11,1,3,1
rs752-sp,d,3,d3,1,11,1,3,1
rs753,d,3,d3,1,11,1,3,1
rs753-sp,d,3,d3,1,11,1,3,1
rs754,d,3,d3,2,0,1,3,2
rs755,d,3,d3,2,0,1,3,2
rs756,d,3,d3,2,1,1,3,2
rs757,d,3,d3,2,1,1,3,2
rs758,d,3,d3,2,2,1,3,2
rs759,d,3,d3,2,2,1,3,2
rs76,b,1,b1,1,8,0,1,1
rs760,d,3,d3,2,4,1,3,2
rs761,d,3,d3,2,4,1,3,2
rs762,d,3,d3,2,6,1,3,3
rs763,d,3,d3,2,6,1,3,3
rs764,d,3,d3,2,7,1,3,3
rs765,d,3,d3,2,7,1,3,3
rs766,d,3,d3,2,8,1,3,3
rs767,d,3,d3,2,8,1,3,3
rs768,d,3,d3,2,10,1,3,3
rs769,d,3,d3,2,10,1,3,3
rs77,b,1,b1,1,8,0,1,1
rs770,d,3,d3,2,11,1,3,3
rs771,d,3,d3,2,11,1,3,3
rs772,d,3,d3,3,0,1,3,4
rs772-sp,d,3,d3,3,0,1,3,4
rs773,d,3,d3,3,0,1,3,4
rs773-sp,d,3,d3,3,0,1,3,4
rs774,d,3,d3,3,1,1,3,4
rs774-sp,d,3,d3,3,1,1,3,4
rs775,d,3,d3,3,1,1,3,4
rs775-sp,d,3,d3,3,1,1,3,4
rs776,d,3,d3,3,2,1,3,4
rs776-sp,d,3,d3,3,2,1,3,4
rs777,d,3,d3,3,2,1,3,4
rs777-sp,d,3,d3,3,2,1,3,4
rs778,d,3,d3,3,4,1,3,4
rs778-sp,d,3,d3,3,4,1,3,4
rs779,d,3,d3,3,4,1,3,4
rs779-sp,d,3,d3,3,4,1,3,4
rs78,b,1,b1,1,10,0,1,1
rs780,d,3,d3,3,6,1,3,5
rs780-sp,d,3,d3,3,6,1,3,5
rs781,d,3,d3,3,6,1,3,5
rs781-sp,d,3,d3,3,6,1,3,5
rs782,d,3,d3,3,7,1,3,5
rs782-sp,d,3,d3,3,7,1,3,5
rs783,d,3,d3,3,7,1,3,5
rs783-sp,d,3,d3,3,7,1,3,5
rs784,d,3,d3,3,8,1,3,5
rs784-sp,d,3,d3,3,8,1,3,5
rs785,d,3,d3,3,8,1,3,5
rs785-sp,d,3,d3,3,8,1,3,5
rs786,d,3,d3,3,10,1,3,5
rs786-sp,d,3,d3,3,10,1,3,5
rs787,d,3,d3,3,10,1,3,5
rs787-sp,d,3,d3,3,10,1,3,5
rs788,d,3,d3,3,11,1,3,5
rs788-sp,d,3,d3,3,11,1,3,5
rs789,d,3,d3,3,11,1,3,5
rs789-sp,d,3,d3,3,11,1,3,5
rs79,b,1,b1,1,11,0,1,1
rs790,d,3,d3,4,0,1,3,6
rs791,d,3,d3,4,0,1,3,6
rs791-sp,d,3,d3,4,0,1,3,6
rs792,d,3,d3,4,1,1,3,6
rs792-sp,d,3,d3,4,1,1,3,6
rs793,d,3,d3,4,1,1,3,6
rs793-sp,d,3,d3,4,1,1,3,6
rs794,d,3,d3,4,2,1,3,6
rs794-sp,d,3,d3,4,2,1,3,6
rs795,d,3,d3,4,2,1,3,6
rs796,d,3,d3,4,4,1,3,6
rs796-sp,d,3,d3,4,4,1,3,6
rs797,d,3,d3,4,4,1,3,6
rs798,d,3,d3,4,6,1,3,7
rs798-sp,d,3,d3,4,6,1,3,7
rs799,d,3,d3,4,6,1,3,7
rs8,a,1,a1,1,6,0,0,1
rs80,b,1,b1,1,11,0,1,1
rs80-sp,b,1,b1,1,11,0,1,1
rs800,d,3,d3,4,7,1,3,7
rs800-sp,d,3,d3,4,7,1,3,7
rs801,d,3,d3,4,7,1,3,7
rs802,d,3,d3,4,8,1,3,7
rs802-sp,d,3,d3,4,8,1,3,7
rs803,d,3,d3,4,8,1,3,7
rs804,d,3,d3,4,10,1,3,7
rs804-sp,d,3,d3,4,10,1,3,7
rs805,d,3,d3,4,10,1,3,7
rs806,d,3,d3,4,11,1,3,7
rs806-sp,d,3,d3,4,11,1,3,7
rs807,d,3,d3,4,11,1,3,7
rs808,a,4,a4,1,0,1,7,0
rs809,a,4,a4,1,0,1,7,0
rs81,b,1,b1,2,0,0,1,2
rs810,a,4,a4,1,1,1,7,0
rs811,a,4,a4,1,1,1,7,0
rs812,a,4,a4,1,2,1,7,0
rs813,a,4,a4,1,2,1,7,0
rs814,a,4,a4,1,4,1,7,0
rs815,a,4,a4,1,4,1,7,0
rs816,a,4,a4,1,6,1,7,1
rs817,a,4,a4,1,6,1,7,1
rs818,a,4,a4,1,7,1,7,1
rs819,a,4,a4,1,7,1,7,1
rs82,b,1,b1,2,0,0,1,2
rs820,a,4,a4,1,8,1,7,1
rs821,a,4,a4,1,8,1,7,1
rs822,a,4,a4,1,10,1,7,1
rs823,a,4,a4,1,10,1,7,1
rs824,a,4,a4,1,11,1,7,1
rs825,a,4,a4,1,11,1,7,1
rs826,a,4,a4,2,0,1,7,2
rs827,a,4,a4,2,0,1,7,2
rs828,a,4,a4,2,1,1,7,2
rs829,a,4,a4,2,1,1,7,2
rs83,b,1,b1,2,1,0,1,2
rs830,a,4,a4,2,2,1,7,2
rs831,a,4,a4,2,2,1,7,2
rs832,a,4,a4,2,4,1,7,2
rs833,a,4,a4,2,4,1,7,2
rs834,a,4,a4,2,6,1,7,3
rs835,a,4,a4,2,6,1,7,3
rs836,a,4,a4,2,7,1,7,3
rs837-sp,a,4,a4,2,7,1,7,3
rs838,a,4,a4,2,8,1,7,3
rs839,a,4,a4,2,8,1,7,3
rs84,b,1,b1,2,1,0,1,2
rs84-sp,b,1,b1,2,1,0,1,2
rs840,a,4,a4,2,10,1,7,3
rs841,a,4,a4,2,10,1,7,3
rs842,a,4,a4,2,11,1,7,3
rs843,a,4,a4,2,11,1,7,3
rs844,a,4,a4,3,0,1,7,4
rs845,a,4,a4,3,0,1,7,4
rs846,a,4,a4,3,1,1,7,4
rs847,a,4,a4,3,1,1,7,4
rs848,a,4,a4,3,2,1,7,4
rs849,a,4,a4,3,2,1,7,4
rs85,b,1,b1,2,2,0,1,2
rs850,a,4,a4,3,4,1,7,4
rs851,a,4,a4,3,4,1,7,4
rs852,a,4,a4,3,6,1,7,5
rs852-sp,a,4,a4,3,6,1,7,5
rs853,a,4,a4,3,6,1,7,5
rs853-sp,a,4,a4,3,6,1,7,5
rs854,a,4,a4,3,7,1,7,5
rs854-sp,a,4,a4,3,7,1,7,5
rs855,a,4,a4,3,7,1,7,5
rs855-sp,a,4,a4,3,7,1,7,5
rs856,a,4,a4,3,8,1,7,5
rs856-sp,a,4,a4,3,8,1,7,5
rs857,a,4,a4,3,8,1,7,5
rs857-sp,a,4,a4,3,8,1,7,5
rs858,a,4,a4,3,10,1,7,5
rs858-sp,a,4,a4,3,10,1,7,5
rs859,a,4,a4,3,10,1,7,5
rs859-sp,a,4,a4,3,10,1,7,5
rs86,b,1,b1,2,2,0,1,2
rs860,a,4,a4,3,11,1,7,5
rs860-sp,a,4,a4,3,11,1,7,5
rs861,a,4,a4,3,11,1,7,5
rs861-sp,a,4,a4,3,11,1,7,5
rs862,a,4,a4,4,0,1,7,6
rs862-sp,a,4,a4,4,0,1,7,6
rs863,a,4,a4,4,0,1,7,6
rs864,a,4,a4,4,1,1,7,6
rs865,a,4,a4,4,1,1,7,6
rs866,a,4,a4,4,2,1,7,6
rs867,a,4,a4,4,2,1,7,6
rs868,a,4,a4,4,4,1,7,6
rs869,a,4,a4,4,4,1,7,6
rs869-sp,a,4,a4,4,4,1,7,6
rs87,b,1,b1,2,4,0,1,2
rs870,a,4,a4,4,6,1,7,7
rs871,a,4,a4,4,6,1,7,7
rs872,a,4,a4,4,7,1,7,7
rs873,a,4,a4,4,7,1,7,7
rs874,a,4,a4,4,8,1,7,7
rs875,a,4,a4,4,8,1,7,7
rs876,a,4,a4,4,10,1,7,7
rs877,a,4,a4,4,10,1,7,7
rs878,a,4,a4,4,11,1,7,7
rs879,a,4,a4,4,11,1,7,7
rs88,b,1,b1,2,4,0,1,2
rs880,b,4,b4,1,0,1,6,0
rs881,b,4,b4,1,0,1,6,0
rs882,b,4,b4,1,1,1,6,0
rs883,b,4,b4,1,1,1,6,0
rs884,b,4,b4,1,2,1,6,0
rs885,b,4,b4,1,2,1,6,0
rs886,b,4,b4,1,4,1,6,0
rs887,b,4,b4,1,4,1,6,0
rs888,b,4,b4,1,6,1,6,1
rs889,b,4,b4,1,6,1,6,1
rs89,b,1,b1,2,6,0,1,3
rs890,b,4,b4,1,7,1,6,1
rs891,b,4,b4,1,7,1,6,1
rs892,b,4,b4,1,8,1,6,1
rs893,b,4,b4,1,8,1,6,1
rs893-sp,b,4,b4,1,8,1,6,1
rs894,b,4,b4,1,10,1,6,1
rs895,b,4,b4,1,10,1,6,1
rs896,b,4,b4,1,11,1,6,1
rs897,b,4,b4,1,11,1,6,1
rs898,b,4,b4,2,0,1,6,2
rs899,b,4,b4,2,0,1,6,2
rs9,a,1,a1,1,6,0,0,1
rs9-sp,a,1,a1,1,6,0,0,1
rs90,b,1,b1,2,6,0,1,3
rs900,b,4,b4,2,1,1,6,2
rs901,b,4,b4,2,1,1,6,2
rs903,b,4,b4,2,2,1,6,2
rs904,b,4,b4,2,4,1,6,2
rs905,b,4,b4,2,4,1,6,2
rs906,b,4,b4,2,6,1,6,3
rs907,b,4,b4,2,6,1,6,3
rs908,b,4,b4,2,7,1,6,3
rs909,b,4,b4,2,7,1,6,3
rs91,b,1,b1,2,7,0,1,3
rs910,b,4,b4,2,8,1,6,3
rs911,b,4,b4,2,8,1,6,3
rs912,b,4,b4,2,10,1,6,3
rs912-sp,b,4,b4,2,10,1,6,3
rs913,b,4,b4,2,10,1,6,3
rs914,b,4,b4,2,11,1,6,3
rs915,b,4,b4,2,11,1,6,3
rs916,b,4,b4,3,0,1,6,4
rs916-sp,b,4,b4,3,0,1,6,4
rs917,b,4,b4,3,0,1,6,4
rs918,b,4,b4,3,1,1,6,4
rs918-sp,b,4,b4,3,1,1,6,4
rs919,b,4,b4,3,1,1,6,4
rs92,b,1,b1,2,7,0,1,3
rs920,b,4,b4,3,2,1,6,4
rs921,b,4,b4,3,2,1,6,4
rs922,b,4,b4,3,4,1,6,4
rs923,b,4,b4,3,4,1,6,4
rs924,b,4,b4,3,6,1,6,5
rs924-sp,b,4,b4,3,6,1,6,5
rs925,b,4,b4,3,6,1,6,5
rs925-sp,b,4,b4,3,6,1,6,5
rs926,b,4,b4,3,7,1,6,5
rs926-sp,b,4,b4,3,7,1,6,5
rs927,b,4,b4,3,7,1,6,5
rs927-sp,b,4,b4,3,7,1,6,5
rs928,b,4,b4,3,8,1,6,5
rs928-sp,b,4,b4,3,8,1,6,5
rs929,b,4,b4,3,8,1,6,5
rs929-sp,b,4,b4,3,8,1,6,5
rs93,b,1,b1,2,8,0,1,3
rs930,b,4,b4,3,10,1,6,5
rs930-sp,b,4,b4,3,10,1,6,5
rs931,b,4,b4,3,10,1,6,5
rs931-sp,b,4,b4,3,10,1,6,5
rs932,b,4,b4,3,11,1,6,5
rs932-sp,b,4,b4,3,11,1,6,5
rs933,b,4,b4,3,11,1,6,5
rs933-sp,b,4,b4,3,11,1,6,5
rs934,b,4,b4,4,0,1,6,6
rs935,b,4,b4,4,0,1,6,6
rs936,b,4,b4,4,1,1,6,6
rs937,b,4,b4,4,1,1,6,6
rs938,b,4,b4,4,2,1,6,6
rs939,b,4,b4,4,2,1,6,6
rs94,b,1,b1,2,8,0,1,3
rs940,b,4,b4,4,4,1,6,6
rs941,b,4,b4,4,4,1,6,6
rs942,b,4,b4,4,6,1,6,7
rs943,b,4,b4,4,6,1,6,7
rs944,b,4,b4,4,7,1,6,7
rs945,b,4,b4,4,7,1,6,7
rs946,b,4,b4,4,8,1,6,7
rs947,b,4,b4,4,8,1,6,7
rs948,b,4,b4,4,10,1,6,7
rs949,b,4,b4,4,10,1,6,7
rs95,b,1,b1,2,10,0,1,3
rs950,b,4,b4,4,11,1,6,7
rs951,b,4,b4,4,11,1,6,7
rs952,c,4,c4,1,0,1,5,0
rs953,c,4,c4,1,0,1,5,0
rs954,c,4,c4,1,1,1,5,0
rs955,c,4,c4,1,1,1,5,0
rs956,c,4,c4,1,2,1,5,0
rs957,c,4,c4,1,2,1,5,0
rs958,c,4,c4,1,4,1,5,0
rs958-sp,c,4,c4,1,4,1,5,0
rs959,c,4,c4,1,4,1,5,0
rs96,b,1,b1,2,11,0,1,3
rs960,c,4,c4,1,6,1,5,1
rs961,c,4,c4,1,6,1,5,1
rs962,c,4,c4,1,7,1,5,1
rs963,c,4,c4,1,7,1,5,1
rs964,c,4,c4,1,8,1,5,1
rs965,c,4,c4,1,8,1,5,1
rs966,c,4,c4,1,10,1,5,1
rs967,c,4,c4,1,10,1,5,1
rs968,c,4,c4,1,11,1,5,1
rs969,c,4,c4,1,11,1,5,1
rs97,b,1,b1,2,11,0,1,3
rs970,c,4,c4,2,0,1,5,2
rs971,c,4,c4,2,0,1,5,2
rs971-sp,c,4,c4,2,0,1,5,2
rs972,c,4,c4,2,1,1,5,2
rs972-sp,c,4,c4,2,1,1,5,2
rs973,c,4,c4,2,1,1,5,2
rs974,c,4,c4,2,2,1,5,2
rs975,c,4,c4,2,2,1,5,2
rs978,c,4,c4,2,6,1,5,3
rs979,c,4,c4,2,6,1,5,3
rs98,b,1,b1,3,0,0,1,4
rs980,c,4,c4,2,7,1,5,3
rs981,c,4,c4,2,7,1,5,3
rs981-sp,c,4,c4,2,7,1,5,3
rs982,c,4,c4,2,8,1,5,3
rs983,c,4,c4,2,8,1,5,3
rs983-sp,c,4,c4,2,8,1,5,3
rs984,c,4,c4,2,10,1,5,3
rs985,c,4,c4,2,10,1,5,3
rs986,c,4,c4,2,11,1,5,3
rs987,c,4,c4,2,11,1,5,3
rs988,c,4,c4,3,0,1,5,4
rs989,c,4,c4,3,0,1,5,4
rs99,b,1,b1,3,1,0,1,4
rs990,c,4,c4,3,1,1,5,4
rs991,c,4,c4,3,1,1,5,4
rs992,c,4,c4,3,2,1,5,4
rs993,c,4,c4,3,2,1,5,4
rs994,c,4,c4,3,4,1,5,4
rs995,c,4,c4,3,4,1,5,4
rs996,c,4,c4,3,6,1,5,5
rs996-sp,c,4,c4,3,6,1,5,5
rs997,c,4,c4,3,6,1,5,5
rs997-sp,c,4,c4,3,6,1,5,5
rs998,c,4,c4,3,7,1,5,5
rs998-sp,c,4,c4,3,7,1,5,5
rs999,c,4,c4,3,7,1,5,5
rs999-sp,c,4,c4,3,7,1,5,5
